ticket_id,col_index,facility_ja,availability,availability_meaning
18kippu,0,新幹線 / のぞみ／みずほ号,×,乗車不可
18kippu,1,新幹線 / グランクラス,×,乗車不可
18kippu,2,新幹線 / グリーン車,×,乗車不可
18kippu,3,新幹線 / 普通車指定,×,乗車不可
18kippu,4,新幹線 / 普通者個室,×,乗車不可
18kippu,5,新幹線 / 普通車自由,×,乗車不可
18kippu,6,在来線特急・急行 / Ａ個室寝台車,×,乗車不可
18kippu,7,在来線特急・急行 / Ｂ個室寝台車,×,乗車不可
18kippu,8,在来線特急・急行 / グリーン個室,×,乗車不可
18kippu,9,在来線特急・急行 / グリーン車,×,乗車不可
18kippu,10,在来線特急・急行 / 普通車指定,×,乗車不可
18kippu,11,在来線特急・急行 / 普通車自由,△,条件付き利用可
18kippu,12,快速・普通 / グリーン車指定,×,乗車不可
18kippu,13,快速・普通 / グリーン車自由,▲,乗車券のみ有効
18kippu,14,快速・普通 / ライナー,▲,乗車券のみ有効
18kippu,15,快速・普通 / 普通車指定,▲,乗車券のみ有効
18kippu,16,快速・普通 / 普通車自由,○,乗車可
18kippu,17,ＢＲＴ,○,乗車可
18kippu,18,宮島航路,○,乗車可
autumn,0,新幹線 / のぞみ／みずほ号,×,乗車不可
autumn,1,新幹線 / グランクラス,×,乗車不可
autumn,2,新幹線 / グリーン車,×,乗車不可
autumn,3,新幹線 / 普通車指定,×,乗車不可
autumn,4,新幹線 / 普通者個室,×,乗車不可
autumn,5,新幹線 / 普通車自由,×,乗車不可
autumn,6,在来線特急・急行 / Ａ個室寝台車,×,乗車不可
autumn,7,在来線特急・急行 / Ｂ個室寝台車,×,乗車不可
autumn,8,在来線特急・急行 / グリーン個室,×,乗車不可
autumn,9,在来線特急・急行 / グリーン車,×,乗車不可
autumn,10,在来線特急・急行 / 普通車指定,×,乗車不可
autumn,11,在来線特急・急行 / 普通車自由,△ *1,条件付き利用可
autumn,12,快速・普通 / グリーン車指定,×,乗車不可
autumn,13,快速・普通 / グリーン車自由,▲,乗車券のみ有効
autumn,14,快速・普通 / ライナー,▲,乗車券のみ有効
autumn,15,快速・普通 / 普通車指定,▲,乗車券のみ有効
autumn,16,快速・普通 / 普通車自由,○,乗車可
autumn,17,ＢＲＴ,○,乗車可
autumn,18,宮島航路,○,乗車可
jreast04,0,東北・上越・北陸新幹線,×,乗車不可
jreast04,1,北海道新幹線,△*1,条件付き利用可
jreast04,2,在来線特急・急行 / 寝台車,×,乗車不可
jreast04,3,在来線特急・急行 / グリーン車,×,乗車不可
jreast04,4,在来線特急・急行 / 普通車指定,×,乗車不可
jreast04,6,快速・普通 / グリーン車指定,×,乗車不可
jreast04,7,快速・普通 / グリーン車自由,▲,乗車券のみ有効
jreast04,8,快速・普通 / ライナー,▲,乗車券のみ有効
jreast04,9,快速・普通 / 指定,▲,乗車券のみ有効
jreast04,10,快速・普通 / 自由,○,乗車可
jreast04,11,ＢＲＴ,○,乗車可
jreast203,1,東海道新幹線,×,乗車不可
jreast203,2,北海道･東北･秋田･山形 上越･北陸新幹線 / グランクラス,▲,乗車券のみ有効
jreast203,3,北海道･東北･秋田･山形 上越･北陸新幹線 / グリーン車,▲,乗車券のみ有効
jreast203,4,北海道･東北･秋田･山形 上越･北陸新幹線 / 普通車指定,△,条件付き利用可
jreast203,5,北海道･東北･秋田･山形 上越･北陸新幹線 / 普通車自由,○,乗車可
jreast203,6,在来線特急/急行 / Ａ寝台車,▲,乗車券のみ有効
jreast203,7,在来線特急/急行 / Ｂ寝台車,▲,乗車券のみ有効
jreast203,8,在来線特急/急行 / グリーン車,▲,乗車券のみ有効
jreast203,9,在来線特急/急行 / 普通車指定,△,条件付き利用可
jreast203,10,在来線特急/急行 / 普通車自由,○,乗車可
jreast203,11,快速・普通 / グリーン車指定,▲,乗車券のみ有効
jreast203,12,快速・普通 / グリーン車自由,▲,乗車券のみ有効
jreast203,13,快速・普通 / ライナー,▲,乗車券のみ有効
jreast203,14,快速・普通 / 指定,△,条件付き利用可
jreast203,15,快速・普通 / 自由,○,乗車可
jreast203,16,ＢＲＴ,○,乗車可
jreast205,1,東海道新幹線,×,乗車不可
jreast205,2,北海道新幹線 / グランクラス,▲,乗車券のみ有効
jreast205,3,北海道新幹線 / グリーン車,▲,乗車券のみ有効
jreast205,4,北海道新幹線 / 普通車指定,△,条件付き利用可
jreast205,5,東北･秋田･山形 上越･長野新幹線 / グランクラス,▲,乗車券のみ有効
jreast205,6,東北･秋田･山形 上越･長野新幹線 / グリーン車,▲,乗車券のみ有効
jreast205,7,東北･秋田･山形 上越･長野新幹線 / 普通車指定,△,条件付き利用可
jreast205,8,東北･秋田･山形 上越･長野新幹線 / 普通車自由,○,乗車可
jreast205,9,在来線特急/急行 / Ａ寝台車,▲,乗車券のみ有効
jreast205,10,在来線特急/急行 / Ｂ寝台車,▲,乗車券のみ有効
jreast205,11,在来線特急/急行 / グリーン車,▲,乗車券のみ有効
jreast205,12,在来線特急/急行 / 普通車指定,△,条件付き利用可
jreast205,13,在来線特急/急行 / 普通車自由,○,乗車可
jreast205,14,快速・普通 / グリーン車指定,▲,乗車券のみ有効
jreast205,15,快速・普通 / グリーン車自由,▲,乗車券のみ有効
jreast205,16,快速・普通 / ライナー,▲,乗車券のみ有効
jreast205,17,快速・普通 / 指定,△,条件付き利用可
jreast205,18,快速・普通 / 自由,○,乗車可
jreast205,19,ＢＲＴ,○,乗車可
jreast201,1,東海道新幹線,×,乗車不可
jreast201,2,北海道新幹線,×,乗車不可
jreast201,3,東北･秋田･山形 上越･北陸新幹線 / グランクラス,▲,乗車券のみ有効
jreast201,4,東北･秋田･山形 上越･北陸新幹線 / グリーン車,▲,乗車券のみ有効
jreast201,5,東北･秋田･山形 上越･北陸新幹線 / 普通車指定,△,条件付き利用可
jreast201,6,東北･秋田･山形 上越･北陸新幹線 / 普通車自由,○,乗車可
jreast201,7,在来線特急/急行 / Ａ寝台車,▲,乗車券のみ有効
jreast201,8,在来線特急/急行 / Ｂ寝台車,▲,乗車券のみ有効
jreast201,9,在来線特急/急行 / グリーン車,▲,乗車券のみ有効
jreast201,10,在来線特急/急行 / 普通車指定,△,条件付き利用可
jreast201,11,在来線特急/急行 / 普通車自由,○,乗車可
jreast201,12,快速・普通 / グリーン車指定,▲,乗車券のみ有効
jreast201,13,快速・普通 / グリーン車自由,▲,乗車券のみ有効
jreast201,14,快速・普通 / ライナー,▲,乗車券のみ有効
jreast201,15,快速・普通 / 指定,△,条件付き利用可
jreast201,16,快速・普通 / 自由,○,乗車可
jreast201,17,ＢＲＴ,○,乗車可
jreast221,0,東海道新幹線,×,乗車不可
jreast221,1,東北･秋田･山形 上越･北陸新幹線 / グラン,▲,乗車券のみ有効
jreast221,2,東北･秋田･山形 上越･北陸新幹線 / グリーン車,▲,乗車券のみ有効
jreast221,3,東北･秋田･山形 上越･北陸新幹線 / 普通車指定,△,条件付き利用可
jreast221,4,東北･秋田･山形 上越･北陸新幹線 / 普通車自由,○,乗車可
jreast221,5,東北･秋田･山形 上越･北陸新幹線 / Ａ寝台車,▲,乗車券のみ有効
jreast221,6,在来線特急/急行 / Ｂ寝台車,▲,乗車券のみ有効
jreast221,7,在来線特急/急行 / グリーン車,▲,乗車券のみ有効
jreast221,8,在来線特急/急行 / 普通車指定,△,条件付き利用可
jreast221,9,在来線特急/急行 / 普通車自由,○,乗車可
jreast221,10,在来線特急/急行 / グリーン車指定,▲,乗車券のみ有効
jreast221,11,快速・普通 / グリーン車自由,▲,乗車券のみ有効
jreast221,12,快速・普通 / ライナー,▲,乗車券のみ有効
jreast221,13,快速・普通 / 指定,△,条件付き利用可
jreast221,14,快速・普通 / 自由,○,乗車可
jreast221,15,ＢＲＴ,○,乗車可
jreast24,0,東海道新幹線,×,乗車不可
jreast24,1,東北･秋田･山形･上越･北陸新幹線 / グランクラス,▲,乗車券のみ有効
jreast24,2,東北･秋田･山形･上越･北陸新幹線 / グリーン車,▲,乗車券のみ有効
jreast24,3,東北･秋田･山形･上越･北陸新幹線 / 指定,△,条件付き利用可
jreast24,4,東北･秋田･山形･上越･北陸新幹線 / 自由,○,乗車可
jreast24,5,北海道新幹線,×,乗車不可
jreast24,6,在来線特急・急行 / 寝台車,▲,乗車券のみ有効
jreast24,7,在来線特急・急行 / グリーン車,▲,乗車券のみ有効
jreast24,8,在来線特急・急行 / 普通車指定,△,条件付き利用可
jreast24,9,在来線特急・急行 / 普通車自由,○,乗車可
jreast24,10,快速・普通 / グリーン車指定,▲,乗車券のみ有効
jreast24,11,快速・普通 / グリーン車自由,▲,乗車券のみ有効
jreast24,12,快速・普通 / ライナー,▲,乗車券のみ有効
jreast24,13,快速・普通 / 指定,△,条件付き利用可
jreast24,14,快速・普通 / 自由,○,乗車可
jreast24,15,ＢＲＴ,○,乗車可
jreast38,0,東海道新幹線 / のぞみ,×,乗車不可
jreast38,1,東北・上越新幹線,×,乗車不可
jreast38,2,在来線特急・急行,×,乗車不可
jreast38,3,快速・普通 / ひかり/こだま,△,条件付き利用可
jreast38,4,快速・普通 / グリーン,▲,乗車券のみ有効
jreast38,5,快速・普通 / ライナー,▲,乗車券のみ有効
jreast38,6,快速・普通 / 指定,▲,乗車券のみ有効
jreast38,7,青い森鉄道,○,乗車可
jreast38,9,自由,○,乗車可
jrwest136,0,東海道新幹線,×,乗車不可
jrwest136,1,山陽新幹線 / グリーン車,▲,乗車券のみ有効
jrwest136,2,山陽新幹線 / 普通車指定,○,乗車可
jrwest136,3,山陽新幹線 / 普通車自由,○,乗車可
jrwest136,4,北陸新幹線 / グランクラス,×,乗車不可
jrwest136,5,北陸新幹線 / グリーン車,▲,乗車券のみ有効
jrwest136,6,北陸新幹線 / 普通車指定,○,乗車可
jrwest136,7,北陸新幹線 / 普通車自由,○,乗車可
jrwest136,8,在来線特急・急行 / 寝台車,×,乗車不可
jrwest136,9,在来線特急・急行 / グリーン車,▲,乗車券のみ有効
jrwest136,10,在来線特急・急行 / 普通車指定,○,乗車可
jrwest136,11,在来線特急・急行 / 普通車自由,○,乗車可
jrwest136,12,快速・普通 / グリーン車指定,▲,乗車券のみ有効
jrwest136,13,快速・普通 / グリーン車自由,▲,乗車券のみ有効
jrwest136,14,快速・普通 / ライナー,▲,乗車券のみ有効
jrwest136,15,快速・普通 / 指定,○,乗車可
jrwest136,16,快速・普通 / 自由,○,乗車可
jrwest137,0,東海道新幹線,×,乗車不可
jrwest137,1,山陽新幹線 / グリーン車,▲,乗車券のみ有効
jrwest137,2,山陽新幹線 / 普通車指定,○,乗車可
jrwest137,3,山陽新幹線 / 普通車自由,○,乗車可
jrwest137,4,北陸新幹線 / グランクラス,×,乗車不可
jrwest137,5,北陸新幹線 / グリーン車,▲,乗車券のみ有効
jrwest137,6,北陸新幹線 / 普通車指定,○,乗車可
jrwest137,7,北陸新幹線 / 普通車自由,○,乗車可
jrwest137,8,在来線特急・急行 / 寝台車,×,乗車不可
jrwest137,9,在来線特急・急行 / グリーン車,▲,乗車券のみ有効
jrwest137,10,在来線特急・急行 / 普通車指定,○,乗車可
jrwest137,11,在来線特急・急行 / 普通車自由,○,乗車可
jrwest137,12,快速・普通 / グリーン車指定,▲,乗車券のみ有効
jrwest137,13,快速・普通 / グリーン車自由,▲,乗車券のみ有効
jrwest137,14,快速・普通 / ライナー,▲,乗車券のみ有効
jrwest137,15,快速・普通 / 指定,○,乗車可
jrwest137,16,快速・普通 / 自由,○,乗車可
jrwest138,0,東海道新幹線,×,乗車不可
jrwest138,1,山陽新幹線 / グリーン車,△*2,条件付き利用可
jrwest138,2,山陽新幹線 / 普通車指定,△*2,条件付き利用可
jrwest138,3,山陽新幹線 / 普通車自由,○*2,乗車可
jrwest138,4,北陸新幹線 / グランクラス,×,乗車不可
jrwest138,5,北陸新幹線 / グリーン車,×,乗車不可
jrwest138,6,北陸新幹線 / 普通車指定,×,乗車不可
jrwest138,7,北陸新幹線 / 普通車自由,×,乗車不可
jrwest138,8,在来線特急・急行 / 寝台車,×,乗車不可
jrwest138,9,在来線特急・急行 / グリーン車,×,乗車不可
jrwest138,10,在来線特急・急行 / 普通車指定,×,乗車不可
jrwest138,11,在来線特急・急行 / 普通車自由,×,乗車不可
jrwest138,12,快速・普通 / グリーン車指定,×,乗車不可
jrwest138,13,快速・普通 / グリーン車自由,×,乗車不可
jrwest138,14,快速・普通 / ライナー,×,乗車不可
jrwest138,15,快速・普通 / 指定,×,乗車不可
jrwest138,16,快速・普通 / 自由,○,乗車可
jrhokkaido01,0,北海道新幹線,×,乗車不可
jrhokkaido01,1,在来線特急・急行列車 / グリーン車,▲,乗車券のみ有効
jrhokkaido01,2,在来線特急・急行列車 / 普通車個室,▲,乗車券のみ有効
jrhokkaido01,3,在来線特急・急行列車 / 普通車指定,△,条件付き利用可
jrhokkaido01,4,在来線特急・急行列車 / 普通車自由,○,乗車可
jrhokkaido01,5,快速・普通 / ライナー,▲,乗車券のみ有効
jrhokkaido01,6,快速・普通 / 指定,△,条件付き利用可
jrhokkaido01,7,快速・普通 / SL,▲,乗車券のみ有効
jrhokkaido01,8,快速・普通 / 自由,○,乗車可
jrhokkaido01,9,ジェイ・アール北海道バス,○,乗車可
jrhokkaido11,0,北海道新幹線,×,乗車不可
jrhokkaido11,1,特急・急行 / グリーン車,×,乗車不可
jrhokkaido11,2,特急・急行 / 指定,×,乗車不可
jrhokkaido11,3,特急・急行 / 自由,×,乗車不可
jrhokkaido11,4,特急・急行 / 立席,×,乗車不可
jrhokkaido11,5,快速・普通 / ライナー,▲,乗車券のみ有効
jrhokkaido11,6,快速・普通 / ＳＬ,▲,乗車券のみ有効
jrhokkaido11,7,快速・普通 / 指定,▲,乗車券のみ有効
jrhokkaido11,8,快速・普通 / 自由,○,乗車可
jrhokkaido13,0,北海道新幹線,×,乗車不可
jrhokkaido13,1,特急・急行 / グリーン車,×,乗車不可
jrhokkaido13,2,特急・急行 / 指定,×,乗車不可
jrhokkaido13,3,特急・急行 / 自由,×,乗車不可
jrhokkaido13,4,特急・急行 / 立席,×,乗車不可
jrhokkaido13,5,快速・普通 / ライナー,▲,乗車券のみ有効
jrhokkaido13,6,快速・普通 / ＳＬ,▲,乗車券のみ有効
jrhokkaido13,7,快速・普通 / 指定,▲,乗車券のみ有効
jrhokkaido13,8,快速・普通 / 自由,○,乗車可
jrhokkaido22,0,在来線特急列車 / グリーン車,▲,乗車券のみ有効
jrhokkaido22,1,在来線特急列車 / 普通車個室,▲,乗車券のみ有効
jrhokkaido22,2,在来線特急列車 / 普通車指定,▲,乗車券のみ有効
jrhokkaido22,3,在来線特急列車 / 普通車自由,▲,乗車券のみ有効
jrhokkaido22,4,本州寝台特急,－,対象外
jrhokkaido22,5,急行 / 普通車指定,－,対象外
jrhokkaido22,6,急行 / 普通車自由,－,対象外
jrhokkaido22,7,急行 / Ｂ寝台,－,対象外
jrhokkaido22,8,快速・普通 / ライナー,▲,乗車券のみ有効
jrhokkaido22,9,快速・普通 / 指定,▲,乗車券のみ有効
jrhokkaido22,10,快速・普通 / 自由,○,乗車可
jrhokkaido54,1,東海道新幹線,×,乗車不可
jrhokkaido54,2,北海道新幹線,×,乗車不可
jrhokkaido54,3,東北･秋田･山形 上越･北陸新幹線,×,乗車不可
jrhokkaido54,4,在来線特急/急行 / Ａ寝台車,▲,乗車券のみ有効
jrhokkaido54,5,在来線特急/急行 / Ｂ寝台車,▲,乗車券のみ有効
jrhokkaido54,6,在来線特急/急行 / グリーン車,▲,乗車券のみ有効
jrhokkaido54,7,在来線特急/急行 / 普通車指定,△,条件付き利用可
jrhokkaido54,8,在来線特急/急行 / 普通車自由,○,乗車可
jrhokkaido54,9,快速・普通 / グリーン車指定,▲,乗車券のみ有効
jrhokkaido54,10,快速・普通 / グリーン車自由,▲,乗車券のみ有効
jrhokkaido54,11,快速・普通 / ライナー,▲,乗車券のみ有効
jrhokkaido54,12,快速・普通 / 指定,△,条件付き利用可
jrhokkaido54,13,快速・普通 / 自由,○,乗車可
jrhokkaido54,14,ＢＲＴ,－,対象外
jrhokkaido55,1,東海道新幹線,×,乗車不可
jrhokkaido55,2,北海道新幹線,×,乗車不可
jrhokkaido55,3,東北･秋田･山形 上越･長野新幹線,×,乗車不可
jrhokkaido55,4,在来線特急/急行 / Ａ寝台車,▲,乗車券のみ有効
jrhokkaido55,5,在来線特急/急行 / Ｂ寝台車,▲,乗車券のみ有効
jrhokkaido55,6,在来線特急/急行 / グリーン車,▲,乗車券のみ有効
jrhokkaido55,7,在来線特急/急行 / 普通車指定,△,条件付き利用可
jrhokkaido55,8,在来線特急/急行 / 普通車自由,○,乗車可
jrhokkaido55,9,快速・普通 / グリーン車指定,▲,乗車券のみ有効
jrhokkaido55,10,快速・普通 / グリーン車自由,▲,乗車券のみ有効
jrhokkaido55,11,快速・普通 / ライナー,▲,乗車券のみ有効
jrhokkaido55,12,快速・普通 / 指定,△,条件付き利用可
jrhokkaido55,13,快速・普通 / 自由,○,乗車可
jrhokkaido55,14,ＢＲＴ,○,乗車可
jrhokkaido91,0,北海道新幹線,×,乗車不可
jrhokkaido91,1,特急・急行 / グリーン車,▲,乗車券のみ有効
jrhokkaido91,2,特急・急行 / 指定,▲,乗車券のみ有効
jrhokkaido91,3,特急・急行 / 自由,▲,乗車券のみ有効
jrhokkaido91,4,特急・急行 / 立席,▲,乗車券のみ有効
jrhokkaido91,5,快速・普通 / ライナー,▲,乗車券のみ有効
jrhokkaido91,6,快速・普通 / ＳＬ,▲,乗車券のみ有効
jrhokkaido91,7,快速・普通 / 指定,▲,乗車券のみ有効
jrhokkaido91,8,快速・普通 / 自由,○,乗車可
jrhokkaido93,0,北海道新幹線,×,乗車不可
jrhokkaido93,1,特急・急行 / グリーン車,▲,乗車券のみ有効
jrhokkaido93,2,特急・急行 / 指定,△,条件付き利用可
jrhokkaido93,3,特急・急行 / 自由,▲,乗車券のみ有効
jrhokkaido93,4,特急・急行 / 立席,○,乗車可
jrhokkaido93,5,快速・普通 / ライナー,▲,乗車券のみ有効
jrhokkaido93,6,快速・普通 / ＳＬ,▲,乗車券のみ有効
jrhokkaido93,7,快速・普通 / 指定,△,条件付き利用可
jrhokkaido93,8,快速・普通 / 自由,○,乗車可
jrhokkaido87,0,北海道新幹線,×,乗車不可
jrhokkaido87,1,特急・急行 / グリーン車,▲,乗車券のみ有効
jrhokkaido87,2,特急・急行 / 指定,△,条件付き利用可
jrhokkaido87,3,特急・急行 / 自由,▲,乗車券のみ有効
jrhokkaido87,4,特急・急行 / 立席,○,乗車可
jrhokkaido87,5,快速・普通 / ライナー,▲,乗車券のみ有効
jrhokkaido87,6,快速・普通 / ＳＬ,▲,乗車券のみ有効
jrhokkaido87,7,快速・普通 / 指定,△,条件付き利用可
jrhokkaido87,8,快速・普通 / 自由,○,乗車可
jrhokkaido95,0,北海道新幹線,×,乗車不可
jrhokkaido95,1,特急・急行 / グリーン車,▲,乗車券のみ有効
jrhokkaido95,2,特急・急行 / 指定,△,条件付き利用可
jrhokkaido95,3,特急・急行 / 自由,▲,乗車券のみ有効
jrhokkaido95,4,特急・急行 / 立席,○,乗車可
jrhokkaido95,5,快速・普通 / ライナー,▲,乗車券のみ有効
jrhokkaido95,6,快速・普通 / ＳＬ,▲,乗車券のみ有効
jrhokkaido95,7,快速・普通 / 指定,△,条件付き利用可
jrhokkaido95,8,快速・普通 / 自由,○,乗車可
jrhokkaido86,0,北海道新幹線,×,乗車不可
jrhokkaido86,1,特急・急行 / グリーン車,▲,乗車券のみ有効
jrhokkaido86,2,特急・急行 / 指定,△,条件付き利用可
jrhokkaido86,3,特急・急行 / 自由,▲,乗車券のみ有効
jrhokkaido86,4,特急・急行 / 立席,○,乗車可
jrhokkaido86,5,快速・普通 / ライナー,▲,乗車券のみ有効
jrhokkaido86,6,快速・普通 / ＳＬ,▲,乗車券のみ有効
jrhokkaido86,7,快速・普通 / 指定,△,条件付き利用可
jrhokkaido86,8,快速・普通 / 自由,○,乗車可
jrhokkaido88,0,北海道新幹線,×,乗車不可
jrhokkaido88,1,特急・急行 / グリーン車,▲,乗車券のみ有効
jrhokkaido88,2,特急・急行 / 指定,△,条件付き利用可
jrhokkaido88,3,特急・急行 / 自由,▲,乗車券のみ有効
jrhokkaido88,4,特急・急行 / 立席,○,乗車可
jrhokkaido88,5,快速・普通 / ライナー,▲,乗車券のみ有効
jrhokkaido88,6,快速・普通 / ＳＬ,▲,乗車券のみ有効
jrhokkaido88,7,快速・普通 / 指定,△,条件付き利用可
jrhokkaido88,8,快速・普通 / 自由,○,乗車可
jrhokkaido107,0,北海道新幹線,×,乗車不可
jrhokkaido107,1,在来線特急・急行列車 / グリーン車,×,乗車不可
jrhokkaido107,2,在来線特急・急行列車 / 普通車個室,×,乗車不可
jrhokkaido107,3,在来線特急・急行列車 / 普通車指定,×,乗車不可
jrhokkaido107,4,在来線特急・急行列車 / 普通車自由,×,乗車不可
jrhokkaido107,5,快速・普通 / ライナー,×,乗車不可
jrhokkaido107,6,快速・普通 / 指定,▲,乗車券のみ有効
jrhokkaido107,7,快速・普通 / 自由,○,乗車可
jrhokkaido107,8,ジェイ・アール北海道バス,×,乗車不可
jrhokkaido113,0,北海道新幹線,×,乗車不可
jrhokkaido113,1,在来線特急・急行列車 / グリーン車,×,乗車不可
jrhokkaido113,2,在来線特急・急行列車 / 普通車個室,×,乗車不可
jrhokkaido113,3,在来線特急・急行列車 / 普通車指定,×,乗車不可
jrhokkaido113,4,在来線特急・急行列車 / 普通車自由,×,乗車不可
jrhokkaido113,5,在来線特急・急行列車 / 寝台,×,乗車不可
jrhokkaido113,6,快速・普通 / ライナー,×,乗車不可
jrhokkaido113,7,快速・普通 / ＳＬ,▲,乗車券のみ有効
jrhokkaido113,8,快速・普通 / 指定,▲,乗車券のみ有効
jrhokkaido113,9,快速・普通 / 自由,○,乗車可
jrhokkaido114,0,北海道新幹線,×,乗車不可
jrhokkaido114,1,在来線特急・急行列車 / グリーン車,×,乗車不可
jrhokkaido114,2,在来線特急・急行列車 / 普通車個室,×,乗車不可
jrhokkaido114,3,在来線特急・急行列車 / 普通車指定,×,乗車不可
jrhokkaido114,4,在来線特急・急行列車 / 普通車自由,×,乗車不可
jrhokkaido114,5,在来線特急・急行列車 / 寝台,×,乗車不可
jrhokkaido114,6,快速・普通 / ライナー,×,乗車不可
jrhokkaido114,7,快速・普通 / ＳＬ,▲,乗車券のみ有効
jrhokkaido114,8,快速・普通 / 指定,▲,乗車券のみ有効
jrhokkaido114,9,快速・普通 / 自由,○,乗車可
jrhokkaido80,0,北海道新幹線,×,乗車不可
jrhokkaido80,1,在来線特急・急行列車 / グリーン車,×,乗車不可
jrhokkaido80,2,在来線特急・急行列車 / 普通車個室,×,乗車不可
jrhokkaido80,3,在来線特急・急行列車 / 普通車指定,×,乗車不可
jrhokkaido80,4,在来線特急・急行列車 / 普通車自由,×,乗車不可
jrhokkaido80,5,快速・普通 / ライナー,×,乗車不可
jrhokkaido80,6,快速・普通 / 指定,▲,乗車券のみ有効
jrhokkaido80,7,快速・普通 / 自由,○,乗車可
jrhokkaido80,8,ジェイ・アール北海道バス,×,乗車不可
jrhokkaido115,0,北海道新幹線,×,乗車不可
jrhokkaido115,1,在来線特急・急行列車 / グリーン車,▲,乗車券のみ有効
jrhokkaido115,2,在来線特急・急行列車 / 普通車個室,▲,乗車券のみ有効
jrhokkaido115,3,在来線特急・急行列車 / 普通車指定,▲,乗車券のみ有効
jrhokkaido115,4,在来線特急・急行列車 / 普通車自由,▲,乗車券のみ有効
jrhokkaido115,5,在来線特急・急行列車 / 寝台,×,乗車不可
jrhokkaido115,6,快速・普通 / ライナー,×,乗車不可
jrhokkaido115,7,快速・普通 / ＳＬ,▲,乗車券のみ有効
jrhokkaido115,8,快速・普通 / 指定,▲,乗車券のみ有効
jrhokkaido115,9,快速・普通 / 自由,○,乗車可
jrhokkaido116,0,北海道新幹線,×,乗車不可
jrhokkaido116,1,在来線特急・急行列車 / グリーン車,▲,乗車券のみ有効
jrhokkaido116,2,在来線特急・急行列車 / 普通車個室,▲,乗車券のみ有効
jrhokkaido116,3,在来線特急・急行列車 / 普通車指定,▲,乗車券のみ有効
jrhokkaido116,4,在来線特急・急行列車 / 普通車自由,▲,乗車券のみ有効
jrhokkaido116,5,在来線特急・急行列車 / 寝台,×,乗車不可
jrhokkaido116,6,快速・普通 / ライナー,×,乗車不可
jrhokkaido116,7,快速・普通 / ＳＬ,▲,乗車券のみ有効
jrhokkaido116,8,快速・普通 / 指定,▲,乗車券のみ有効
jrhokkaido116,9,快速・普通 / 自由,○,乗車可
jreast51,0,新幹線,－,対象外
jreast51,1,特急・急行,▲,乗車券のみ有効
jreast51,2,快速・普通 / グリーン,▲,乗車券のみ有効
jreast51,3,快速・普通 / ライナー,▲,乗車券のみ有効
jreast51,4,快速・普通 / 指定,▲,乗車券のみ有効
jreast51,5,快速・普通 / 自由,○,乗車可
sendaimarugoto,0,新幹線,－,対象外
sendaimarugoto,1,特急・急行,▲,乗車券のみ有効
sendaimarugoto,2,快速・普通 / グリーン指定,▲,乗車券のみ有効
sendaimarugoto,3,快速・普通 / グリーン自由,▲,乗車券のみ有効
sendaimarugoto,4,快速・普通 / ライナー,▲,乗車券のみ有効
sendaimarugoto,5,快速・普通 / 指定,▲,乗車券のみ有効
sendaimarugoto,6,快速・普通 / 自由,○,乗車可
aizugurutto,0,新幹線,－,対象外
aizugurutto,1,特急・急行,▲,乗車券のみ有効
aizugurutto,2,快速・普通 / グリーン指定,▲,乗車券のみ有効
aizugurutto,3,快速・普通 / グリーン自由,▲,乗車券のみ有効
aizugurutto,4,快速・普通 / ライナー,▲,乗車券のみ有効
aizugurutto,5,快速・普通 / 指定,▲,乗車券のみ有効
aizugurutto,6,快速・普通 / 自由,○,乗車可
jreast64-1,0,新幹線,－,対象外
jreast64-1,1,特急・急行,×,乗車不可
jreast64-1,2,快速・普通 / グリーン,×,乗車不可
jreast64-1,3,快速・普通 / ライナー,▲,乗車券のみ有効
jreast64-1,4,快速・普通 / 指定,▲,乗車券のみ有効
jreast64-1,5,快速・普通 / 自由,○,乗車可
jreast64-1,6,津軽鉄道 / ストーブ列車,×,乗車不可
jreast64-1,7,津軽鉄道 / 自由,○,乗車可
jreast34,0,新幹線,×,乗車不可
jreast34,2,快速・普通 / グリーン指定,▲,乗車券のみ有効
jreast34,3,快速・普通 / グリーン自由,▲,乗車券のみ有効
jreast34,4,快速・普通 / ライナー,▲,乗車券のみ有効
jreast34,5,快速・普通 / 指定,▲,乗車券のみ有効
jreast34,6,快速・普通 / 自由,○,乗車可
jreast34,7,BRT,○,乗車可
jreast36,0,新幹線,×,乗車不可
jreast36,1,特急・急行,▲,乗車券のみ有効
jreast36,2,快速・普通 / グリーン指定,▲,乗車券のみ有効
jreast36,3,快速・普通 / グリーン自由,▲,乗車券のみ有効
jreast36,4,快速・普通 / ライナー,▲,乗車券のみ有効
jreast36,5,快速・普通 / 指定,▲,乗車券のみ有効
jreast36,6,快速・普通 / 自由,○,乗車可
jreast36,7,ＢＲＴ,○,乗車可
jreast48,1,特急・急行,▲,乗車券のみ有効
jreast48,2,快速・普通 / グリーン,▲,乗車券のみ有効
jreast48,3,快速・普通 / ライナー,▲,乗車券のみ有効
jreast48,4,快速・普通 / 指定,▲,乗車券のみ有効
jreast48,5,快速・普通 / 自由,○,乗車可
sendaimarugotowide,0,新幹線,－,対象外
sendaimarugotowide,1,特急・急行,▲,乗車券のみ有効
sendaimarugotowide,2,快速・普通 / グリーン指定,▲,乗車券のみ有効
sendaimarugotowide,3,快速・普通 / グリーン自由,▲,乗車券のみ有効
sendaimarugotowide,4,快速・普通 / ライナー,▲,乗車券のみ有効
sendaimarugotowide,5,快速・普通 / 指定,▲,乗車券のみ有効
sendaimarugotowide,6,快速・普通 / 自由,○,乗車可
akitajukan02,0,急行もりよし号,○,乗車可
akitajukan02,1,快速・普通,○,乗車可
akitajukan03,0,急行もりよし号,▲,乗車券のみ有効
akitajukan03,1,快速・普通,○,乗車可
jreast17,0,東海道新幹線 / のぞみ,×,乗車不可
jreast17,1,東北・上越新幹線,×,乗車不可
jreast17,2,在来線特急・急行,×,乗車不可
jreast17,3,快速・普通 / ひかり/こだま,▲,乗車券のみ有効
jreast17,4,快速・普通 / グリーン,▲,乗車券のみ有効
jreast17,5,快速・普通 / ライナー,▲,乗車券のみ有効
jreast17,6,快速・普通 / 指定,▲,乗車券のみ有効
jreast17,7,東京モノレール,○,乗車可
jreast17,8,りんかい線,×,乗車不可
jreast17,9,自由,×,乗車不可
tokyo01,0,東海道新幹線 / のぞみ,×,乗車不可
tokyo01,1,東北新幹線 上越新幹線,▲,乗車券のみ有効
tokyo01,2,在来線 特急・急行,▲,乗車券のみ有効
tokyo01,3,快速・普通 / ひかり こだま,▲,乗車券のみ有効
tokyo01,4,快速・普通 / グリーン,▲,乗車券のみ有効
tokyo01,5,快速・普通 / ライナー,▲,乗車券のみ有効
tokyo01,6,快速・普通 / 指定,▲,乗車券のみ有効
tokyo01,7,東京モノレール,○,乗車可
tokyo01,8,りんかい線,×,乗車不可
tokyo01,9,自由,×,乗車不可
jreast18,0,東海道新幹線 / のぞみ,－,対象外
jreast18,1,東北・上越新幹線,－,対象外
jreast18,2,在来線特急・急行,－,対象外
jreast18,3,快速・普通 / ひかり/こだま,▲,乗車券のみ有効
jreast18,4,快速・普通 / グリーン,▲,乗車券のみ有効
jreast18,5,快速・普通 / ライナー,▲,乗車券のみ有効
jreast18,6,快速・普通 / 指定,▲,乗車券のみ有効
jreast18,7,みなとみらい線,○,乗車可
jreast18,8,自由,○,乗車可
jreast071,0,東海道新幹線 / のぞみ,－,対象外
jreast071,1,東北・上越新幹線,－,対象外
jreast071,2,在来線特急・急行,×,乗車不可
jreast071,3,快速・普通 / ひかり/こだま,▲,乗車券のみ有効
jreast071,4,快速・普通 / グリーン,▲,乗車券のみ有効
jreast071,5,快速・普通 / ライナー,▲,乗車券のみ有効
jreast071,6,快速・普通 / 指定,▲,乗車券のみ有効
jreast071,7,自由,○,乗車可
jreast10,0,東海道新幹線,×,乗車不可
jreast10,1,東北・上越新幹線,▲,乗車券のみ有効
jreast10,2,在来線特急・急行,▲,乗車券のみ有効
jreast10,3,快速・普通 / グリーン,▲,乗車券のみ有効
jreast10,4,快速・普通 / ライナー,▲,乗車券のみ有効
jreast10,5,快速・普通 / 指定,▲,乗車券のみ有効
jreast10,6,快速・普通 / 自由,○,乗車可
jreast10,7,東京モノレール,○,乗車可
jreast10,8,りんかい線,○,乗車可
jreast12,0,東海道新幹線,×,乗車不可
jreast12,1,東北・上越新幹線,×,乗車不可
jreast12,2,在来線特急・急行,▲,乗車券のみ有効
jreast12,3,快速・普通 / グリーン,▲,乗車券のみ有効
jreast12,4,快速・普通 / ライナー,▲,乗車券のみ有効
jreast12,5,快速・普通 / 指定,▲,乗車券のみ有効
jreast12,6,快速・普通 / 自由,○,乗車可
jreast12,7,東京モノレール,○,乗車可
jreast12,8,りんかい線,○,乗車可
jreast37,0,東海道新幹線 / のぞみ,×,乗車不可
jreast37,1,東北・上越新幹線,×,乗車不可
jreast37,2,在来線特急・急行,×,乗車不可
jreast37,3,快速・普通 / ひかり/こだま,▲,乗車券のみ有効
jreast37,4,快速・普通 / グリーン,▲,乗車券のみ有効
jreast37,5,快速・普通 / ライナー,▲,乗車券のみ有効
jreast37,6,快速・普通 / 指定,▲,乗車券のみ有効
jreast37,7,東京モノレール,○,乗車可
jreast37,8,りんかい線,○,乗車可
jreast37,9,自由,×,乗車不可
jreast45,0,東海道新幹線,－,対象外
jreast45,1,東北・上越新幹線,－,対象外
jreast45,2,在来線特急・急行,▲,乗車券のみ有効
jreast45,3,快速・普通 / グリーン,▲,乗車券のみ有効
jreast45,4,快速・普通 / ライナー,▲,乗車券のみ有効
jreast45,5,快速・普通 / 指定,▲,乗車券のみ有効
jreast45,6,快速・普通 / 自由,○,乗車可
jreast46,0,東海道新幹線,－,対象外
jreast46,1,東北・上越新幹線,－,対象外
jreast46,2,在来線特急・急行,▲,乗車券のみ有効
jreast46,3,快速・普通 / グリーン,▲,乗車券のみ有効
jreast46,4,快速・普通 / ライナー,▲,乗車券のみ有効
jreast46,5,快速・普通 / 指定,▲,乗車券のみ有効
jreast46,6,快速・普通 / 自由,○,乗車可
jreast13,0,東海道新幹線,×,乗車不可
jreast13,1,東北・上越新幹線,▲,乗車券のみ有効
jreast13,2,在来線特急・急行,▲,乗車券のみ有効
jreast13,3,快速・普通 / グリーン,▲,乗車券のみ有効
jreast13,4,快速・普通 / ライナー,▲,乗車券のみ有効
jreast13,5,快速・普通 / 指定,▲,乗車券のみ有効
jreast13,6,快速・普通 / 自由,○,乗車可
jreast13,7,東京モノレール,○,乗車可
jreast13,8,りんかい線,○,乗車可
isumi01,1,急行列車 / 指定,－,対象外
isumi01,2,急行列車 / 自由,－,対象外
isumi01,3,普通列車,○,乗車可
isumi02,1,急行列車 / 指定,▲,乗車券のみ有効
isumi02,2,急行列車 / 自由,○,乗車可
isumi02,3,普通列車,○,乗車可
isumi06,1,急行列車 / 指定,▲,乗車券のみ有効
isumi06,2,急行列車 / 自由,○,乗車可
isumi06,3,普通列車,○,乗車可
jrtokai06,0,新幹線,×,乗車不可
jrtokai06,1,"特急・急行 / A,B寝台",×,乗車不可
jrtokai06,2,特急・急行 / グリーン,▲,乗車券のみ有効
jrtokai06,3,特急・急行 / 普通車指定,▲,乗車券のみ有効
jrtokai06,4,特急・急行 / 普通車自由,▲,乗車券のみ有効
jrtokai06,5,快速・普通 / グリーン指定,▲,乗車券のみ有効
jrtokai06,6,快速・普通 / グリーン自由,▲,乗車券のみ有効
jrtokai06,7,快速・普通 / ライナー,▲,乗車券のみ有効
jrtokai06,8,快速・普通 / 指定,▲,乗車券のみ有効
jrtokai06,9,快速・普通 / 自由,○,乗車可
jrtokai07,0,新幹線,×,乗車不可
jrtokai07,1,"特急・急行 / A,B寝台",×,乗車不可
jrtokai07,2,特急・急行 / グリーン,▲,乗車券のみ有効
jrtokai07,3,特急・急行 / 普通車指定,▲,乗車券のみ有効
jrtokai07,4,特急・急行 / 普通車自由,▲,乗車券のみ有効
jrtokai07,5,快速・普通 / グリーン指定,▲,乗車券のみ有効
jrtokai07,6,快速・普通 / グリーン自由,▲,乗車券のみ有効
jrtokai07,7,快速・普通 / ライナー,▲,乗車券のみ有効
jrtokai07,8,快速・普通 / 指定,▲,乗車券のみ有効
jrtokai07,9,快速・普通 / 自由,○,乗車可
jrtokai87,0,新幹線 / のぞみ,×,乗車不可
jrtokai87,1,新幹線 / ひかり・こだま,×,乗車不可
jrtokai87,2,"特急・急行 / A,B寝台",×,乗車不可
jrtokai87,3,特急・急行 / グリーン,▲,乗車券のみ有効
jrtokai87,4,特急・急行 / 普通車指定,▲,乗車券のみ有効
jrtokai87,5,特急・急行 / 普通車自由,▲,乗車券のみ有効
jrtokai87,6,快速・普通 / グリーン指定,▲,乗車券のみ有効
jrtokai87,7,快速・普通 / グリーン自由,▲,乗車券のみ有効
jrtokai87,8,快速・普通 / ライナー,▲,乗車券のみ有効
jrtokai87,9,快速・普通 / 指定,▲,乗車券のみ有効
jrtokai87,10,快速・普通 / 自由,○,乗車可
jrtokai83,0,新幹線 / のぞみ,×,乗車不可
jrtokai83,1,新幹線 / ひかり・こだま,×,乗車不可
jrtokai83,2,"特急・急行 / A,B寝台",×,乗車不可
jrtokai83,3,特急・急行 / グリーン,▲,乗車券のみ有効
jrtokai83,4,特急・急行 / 普通車指定,▲,乗車券のみ有効
jrtokai83,5,特急・急行 / 普通車自由,▲,乗車券のみ有効
jrtokai83,6,快速・普通 / グリーン指定,▲,乗車券のみ有効
jrtokai83,7,快速・普通 / グリーン自由,▲,乗車券のみ有効
jrtokai83,8,快速・普通 / ライナー,▲,乗車券のみ有効
jrtokai83,9,快速・普通 / 指定,▲,乗車券のみ有効
jrtokai83,10,快速・普通 / 自由,○,乗車可
jrtokai84,0,新幹線 / のぞみ,×,乗車不可
jrtokai84,1,新幹線 / ひかり・こだま,×,乗車不可
jrtokai84,2,"特急・急行 / A,B寝台",×,乗車不可
jrtokai84,3,特急・急行 / グリーン,▲,乗車券のみ有効
jrtokai84,4,特急・急行 / 普通車指定,▲,乗車券のみ有効
jrtokai84,5,特急・急行 / 普通車自由,▲,乗車券のみ有効
jrtokai84,6,快速・普通 / グリーン指定,▲,乗車券のみ有効
jrtokai84,7,快速・普通 / グリーン自由,▲,乗車券のみ有効
jrtokai84,8,快速・普通 / ライナー,▲,乗車券のみ有効
jrtokai84,9,快速・普通 / 指定,▲,乗車券のみ有効
jrtokai84,10,快速・普通 / 自由,○,乗車可
jrtokai85,0,新幹線 / のぞみ,×,乗車不可
jrtokai85,1,新幹線 / ひかり・こだま,×,乗車不可
jrtokai85,2,"特急・急行 / A,B寝台",×,乗車不可
jrtokai85,3,特急・急行 / グリーン,▲,乗車券のみ有効
jrtokai85,4,特急・急行 / 普通車指定,▲,乗車券のみ有効
jrtokai85,5,特急・急行 / 普通車自由,▲,乗車券のみ有効
jrtokai85,6,快速・普通 / グリーン指定,▲,乗車券のみ有効
jrtokai85,7,快速・普通 / グリーン自由,▲,乗車券のみ有効
jrtokai85,8,快速・普通 / ライナー,▲,乗車券のみ有効
jrtokai85,9,快速・普通 / 指定,▲,乗車券のみ有効
jrtokai85,10,快速・普通 / 自由,○,乗車可
jrtokai01,0,新幹線,×,乗車不可
jrtokai01,1,"特急・急行 / A,B寝台",×,乗車不可
jrtokai01,2,特急・急行 / グリーン,▲,乗車券のみ有効
jrtokai01,3,特急・急行 / 普通車指定,▲,乗車券のみ有効
jrtokai01,4,特急・急行 / 普通車自由,▲,乗車券のみ有効
jrtokai01,5,快速・普通 / グリーン,▲,乗車券のみ有効
jrtokai01,6,快速・普通 / ライナー,▲,乗車券のみ有効
jrtokai01,7,快速・普通 / 指定,▲,乗車券のみ有効
jrtokai01,8,快速・普通 / 自由,○,乗車可
jrtokai01,9,伊勢鉄道,○,乗車可
jrtokai03,0,新幹線,×,乗車不可
jrtokai03,1,"特急・急行 / A,B寝台",×,乗車不可
jrtokai03,2,特急・急行 / グリーン,▲,乗車券のみ有効
jrtokai03,3,特急・急行 / 普通車指定,▲,乗車券のみ有効
jrtokai03,4,特急・急行 / 普通車自由,▲,乗車券のみ有効
jrtokai03,5,快速・普通 / グリーン指定,▲,乗車券のみ有効
jrtokai03,6,快速・普通 / グリーン自由,▲,乗車券のみ有効
jrtokai03,7,快速・普通 / ライナー,▲,乗車券のみ有効
jrtokai03,8,快速・普通 / 指定,▲,乗車券のみ有効
jrtokai03,9,快速・普通 / 自由,○,乗車可
jrtokai08,0,新幹線 / のぞみ,×,乗車不可
jrtokai08,1,新幹線 / ひかり・こだま,▲,乗車券のみ有効
jrtokai08,2,"特急・急行 / A,B寝台",×,乗車不可
jrtokai08,3,特急・急行 / グリーン,▲,乗車券のみ有効
jrtokai08,4,特急・急行 / 普通車指定,▲,乗車券のみ有効
jrtokai08,5,特急・急行 / 普通車自由,▲,乗車券のみ有効
jrtokai08,6,快速・普通 / グリーン指定,▲,乗車券のみ有効
jrtokai08,7,快速・普通 / グリーン自由,▲,乗車券のみ有効
jrtokai08,8,快速・普通 / ライナー,▲,乗車券のみ有効
jrtokai08,9,快速・普通 / 指定,▲,乗車券のみ有効
jrtokai08,10,快速・普通 / 自由,○,乗車可
jrtokai09,0,新幹線 / のぞみ,×,乗車不可
jrtokai09,1,新幹線 / ひかり・こだま,×,乗車不可
jrtokai09,2,"特急・急行 / A,B寝台",×,乗車不可
jrtokai09,3,特急・急行 / グリーン,▲,乗車券のみ有効
jrtokai09,5,特急・急行 / 普通車自由,▲,乗車券のみ有効
jrtokai09,6,快速・普通 / グリーン指定,▲,乗車券のみ有効
jrtokai09,7,快速・普通 / グリーン自由,▲,乗車券のみ有効
jrtokai09,8,快速・普通 / ライナー,▲,乗車券のみ有効
jrtokai09,9,快速・普通 / 指定,▲,乗車券のみ有効
jrtokai09,10,快速・普通 / 自由,○,乗車可
jrtokai89,0,新幹線 / のぞみ,×,乗車不可
jrtokai89,1,新幹線 / ひかり・こだま,×,乗車不可
jrtokai89,2,"特急・急行 / A,B寝台",×,乗車不可
jrtokai89,3,特急・急行 / グリーン,×,乗車不可
jrtokai89,4,特急・急行 / 普通車指定,×,乗車不可
jrtokai89,5,特急・急行 / 普通車自由,×,乗車不可
jrtokai89,6,快速・普通 / グリーン指定,▲,乗車券のみ有効
jrtokai89,7,快速・普通 / グリーン自由,▲,乗車券のみ有効
jrtokai89,8,快速・普通 / ライナー,▲,乗車券のみ有効
jrtokai89,9,快速・普通 / 指定,▲,乗車券のみ有効
jrtokai89,10,快速・普通 / 自由,○,乗車可
jrtokai88,0,新幹線 / のぞみ,×,乗車不可
jrtokai88,1,新幹線 / ひかり・こだま,×,乗車不可
jrtokai88,2,"特急・急行 / A,B寝台",×,乗車不可
jrtokai88,3,特急・急行 / グリーン,×,乗車不可
jrtokai88,4,特急・急行 / 普通車指定,×,乗車不可
jrtokai88,5,特急・急行 / 普通車自由,×,乗車不可
jrtokai88,6,快速・普通 / グリーン指定,▲,乗車券のみ有効
jrtokai88,7,快速・普通 / グリーン自由,▲,乗車券のみ有効
jrtokai88,8,快速・普通 / ライナー,▲,乗車券のみ有効
jrtokai88,9,快速・普通 / 指定,▲,乗車券のみ有効
jrtokai88,10,快速・普通 / 自由,○,乗車可
meitetu01,0,ミュースカイ・快速特急・特急 / 特別車,▲,乗車券のみ有効
meitetu01,1,ミュースカイ・快速特急・特急 / 自由,○,乗車可
meitetu01,2,急行・普通,○,乗車可
meitetu11,0,ミュースカイ・快速特急・特急 / 特別車,▲,乗車券のみ有効
meitetu11,1,ミュースカイ・快速特急・特急 / 自由,○,乗車可
meitetu11,2,急行・普通,○,乗車可
meitetu12,0,ミュースカイ・快速特急・特急 / 特別車,▲,乗車券のみ有効
meitetu12,1,ミュースカイ・快速特急・特急 / 自由,○,乗車可
meitetu12,2,急行・普通,○,乗車可
meitetu101,0,ミュースカイ・快速特急・特急 / 特別車,▲,乗車券のみ有効
meitetu101,1,ミュースカイ・快速特急・特急 / 自由,○,乗車可
meitetu101,2,急行・普通,○,乗車可
meitetu94,0,ミュースカイ・快速特急・特急 / 特別車,▲,乗車券のみ有効
meitetu94,1,ミュースカイ・快速特急・特急 / 自由,○,乗車可
meitetu94,2,急行・普通,○,乗車可
meitetu100,0,ミュースカイ・快速特急・特急 / 特別車,▲,乗車券のみ有効
meitetu100,1,ミュースカイ・快速特急・特急 / 自由,○,乗車可
meitetu100,2,急行・普通,○,乗車可
meitetu95,0,ミュースカイ・快速特急・特急 / 特別車,▲,乗車券のみ有効
meitetu95,1,ミュースカイ・快速特急・特急 / 自由,○,乗車可
meitetu95,2,急行・普通,○,乗車可
jreast66,0,新幹線,▲,乗車券のみ有効
jreast66,1,特急・急行,▲,乗車券のみ有効
jreast66,2,快速・普通 / グリーン,▲,乗車券のみ有効
jreast66,3,快速・普通 / ライナー,▲,乗車券のみ有効
jreast66,4,快速・普通 / 指定,▲,乗車券のみ有効
jreast66,5,快速・普通 / 自由,○,乗車可
jreast58,0,新幹線,▲,乗車券のみ有効
jreast58,1,特急・急行,▲,乗車券のみ有効
jreast58,2,快速・普通 / グリーン,▲,乗車券のみ有効
jreast58,3,快速・普通 / ライナー,▲,乗車券のみ有効
jreast58,4,快速・普通 / 指定,▲,乗車券のみ有効
jreast58,5,快速・普通 / 自由,○,乗車可
jreast60,0,新幹線,▲,乗車券のみ有効
jreast60,1,特急・急行,▲,乗車券のみ有効
jreast60,2,快速・普通 / グリーン,▲,乗車券のみ有効
jreast60,3,快速・普通 / ライナー,▲,乗車券のみ有効
jreast60,4,快速・普通 / 指定,▲,乗車券のみ有効
jreast60,5,快速・普通 / 自由,○,乗車可
jrwest41,0,新幹線,×,乗車不可
jrwest41,1,ＪＲ特急・急行,▲,乗車券のみ有効
jrwest41,2,快速・普通 / ライナー,▲,乗車券のみ有効
jrwest41,3,快速・普通 / 指定,▲,乗車券のみ有効
jrwest41,4,快速・普通 / 自由,○,乗車可
jrwest46,0,新幹線,×,乗車不可
jrwest46,1,ＪＲ特急・急行,▲,乗車券のみ有効
jrwest46,2,快速・普通 / ライナー,▲,乗車券のみ有効
jrwest46,3,快速・普通 / 指定,▲,乗車券のみ有効
jrwest46,4,快速・普通 / 自由,○,乗車可
jrwest40,0,新幹線,×,乗車不可
jrwest40,1,ＪＲ特急・急行,▲,乗車券のみ有効
jrwest40,2,快速・普通 / ライナー,▲,乗車券のみ有効
jrwest40,3,快速・普通 / 指定,▲,乗車券のみ有効
jrwest40,4,快速・普通 / 自由,○,乗車可
jrwest42,0,新幹線,×,乗車不可
jrwest42,1,ＪＲ特急・急行,▲,乗車券のみ有効
jrwest42,2,快速・普通 / ライナー,▲,乗車券のみ有効
jrwest42,3,快速・普通 / 指定,▲,乗車券のみ有効
jrwest42,4,快速・普通 / 自由,○,乗車可
jrwest39,0,新幹線,×,乗車不可
jrwest39,1,ＪＲ特急・急行,▲,乗車券のみ有効
jrwest39,2,快速・普通 / ライナー,▲,乗車券のみ有効
jrwest39,3,快速・普通 / 指定,▲,乗車券のみ有効
jrwest39,4,快速・普通 / 自由,○,乗車可
jrwest44,0,東海道新幹線,－,対象外
jrwest44,1,山陽新幹線 / グリーン車,－,対象外
jrwest44,2,山陽新幹線 / 普通車指定,－,対象外
jrwest44,3,山陽新幹線 / 普通車自由,－,対象外
jrwest44,4,北陸新幹線 / グランクラス,×,乗車不可
jrwest44,5,北陸新幹線 / グリーン車,▲,乗車券のみ有効
jrwest44,6,北陸新幹線 / 普通車指定,△,条件付き利用可
jrwest44,7,北陸新幹線 / 普通車自由,○,乗車可
jrwest44,8,在来線特急・急行 / 寝台車,－,対象外
jrwest44,9,在来線特急・急行 / グリーン車,－,対象外
jrwest44,10,在来線特急・急行 / 普通車指定,－,対象外
jrwest44,11,在来線特急・急行 / 普通車自由,－,対象外
jrwest44,12,快速・普通 / グリーン車指定,－,対象外
jrwest44,13,快速・普通 / グリーン車自由,－,対象外
jrwest44,14,快速・普通 / ライナー,－,対象外
jrwest44,15,快速・普通 / 指定,－,対象外
jrwest44,16,快速・普通 / 自由,－,対象外
jrwest45,0,東海道新幹線,－,対象外
jrwest45,1,山陽新幹線 / グリーン車,－,対象外
jrwest45,2,山陽新幹線 / 普通車指定,－,対象外
jrwest45,3,山陽新幹線 / 普通車自由,－,対象外
jrwest45,4,北陸新幹線 / グランクラス,×,乗車不可
jrwest45,5,北陸新幹線 / グリーン車,▲,乗車券のみ有効
jrwest45,6,北陸新幹線 / 普通車指定,△,条件付き利用可
jrwest45,7,北陸新幹線 / 普通車自由,○,乗車可
jrwest45,8,在来線特急・急行 / 寝台車,－,対象外
jrwest45,9,在来線特急・急行 / グリーン車,－,対象外
jrwest45,10,在来線特急・急行 / 普通車指定,－,対象外
jrwest45,11,在来線特急・急行 / 普通車自由,－,対象外
jrwest45,12,快速・普通 / グリーン車指定,－,対象外
jrwest45,13,快速・普通 / グリーン車自由,－,対象外
jrwest45,14,快速・普通 / ライナー,－,対象外
jrwest45,15,快速・普通 / 指定,－,対象外
jrwest45,16,快速・普通 / 自由,－,対象外
jrwest154,0,東海道新幹線,×,乗車不可
jrwest154,1,山陽新幹線 / グリーン車,×,乗車不可
jrwest154,2,山陽新幹線 / 普通車指定,×,乗車不可
jrwest154,3,山陽新幹線 / 普通車自由,×,乗車不可
jrwest154,4,北陸新幹線 / グランクラス,×,乗車不可
jrwest154,5,北陸新幹線 / グリーン車,×,乗車不可
jrwest154,6,北陸新幹線 / 普通車指定,×,乗車不可
jrwest154,7,北陸新幹線 / 普通車自由,×,乗車不可
jrwest154,8,在来線特急・急行 *1 / 寝台車,×,乗車不可
jrwest154,9,在来線特急・急行 *1 / グリーン車,▲,乗車券のみ有効
jrwest154,10,在来線特急・急行 *1 / 普通車指定,▲,乗車券のみ有効
jrwest154,11,在来線特急・急行 *1 / 普通車自由,▲,乗車券のみ有効
jrwest154,12,在来線特急・急行 *1 / 立席,▲,乗車券のみ有効
jrwest154,13,快速・普通 / グリーン車指定,×,乗車不可
jrwest154,14,快速・普通 / グリーン車自由,×,乗車不可
jrwest154,15,快速・普通 / ライナー,×,乗車不可
jrwest154,16,快速・普通 / 指定,▲,乗車券のみ有効
jrwest154,17,快速・普通 / 自由,○,乗車可
jrwest159,0,新幹線,×,乗車不可
jrwest159,1,在来線特急・急行 / サンライズ出雲,×,乗車不可
jrwest159,2,在来線特急・急行 / グリーン,▲,乗車券のみ有効
jrwest159,3,在来線特急・急行 / 指定,▲,乗車券のみ有効
jrwest159,4,在来線特急・急行 / 自由,▲,乗車券のみ有効
jrwest159,5,快速・普通 / ライナー,▲,乗車券のみ有効
jrwest159,6,快速・普通 / グリーン,▲,乗車券のみ有効
jrwest159,7,快速・普通 / 指定,▲,乗車券のみ有効
jrwest159,8,快速・普通 / 自由,○,乗車可
jrwest159,9,宮島フェリー,－,対象外
jrwest161,0,新幹線,×,乗車不可
jrwest161,1,在来線特急・急行 / サンライズ出雲,×,乗車不可
jrwest161,2,在来線特急・急行 / グリーン,▲,乗車券のみ有効
jrwest161,3,在来線特急・急行 / 指定,▲,乗車券のみ有効
jrwest161,4,在来線特急・急行 / 自由,▲,乗車券のみ有効
jrwest161,5,快速・普通 / ライナー,▲,乗車券のみ有効
jrwest161,6,快速・普通 / グリーン,▲,乗車券のみ有効
jrwest161,7,快速・普通 / 指定,▲,乗車券のみ有効
jrwest161,8,快速・普通 / 自由,○,乗車可
jrwest161,9,宮島フェリー,－,対象外
jrwest202,0,新幹線,×,乗車不可
jrwest202,1,在来線特急・急行 / サンライズ,×,乗車不可
jrwest202,2,在来線特急・急行 / WEST EXPRESS 銀河,×,乗車不可
jrwest202,3,在来線特急・急行 / はなあかり,×,乗車不可
jrwest202,4,在来線特急・急行 / グリーン,×,乗車不可
jrwest202,5,在来線特急・急行 / 指定,×,乗車不可
jrwest202,6,在来線特急・急行 / 自由,×,乗車不可
jrwest202,7,快速・普通 / Ａシート,▲,乗車券のみ有効
jrwest202,8,快速・普通 / グリーン,▲,乗車券のみ有効
jrwest202,9,快速・普通 / 指定,▲,乗車券のみ有効
jrwest202,10,快速・普通 / 自由,○,乗車可
jrwest202,11,宮島フェリー,－,対象外
jrwest202,12,京阪電車 / ライナー,▲,乗車券のみ有効
jrwest202,13,京阪電車 / プレミアム,▲,乗車券のみ有効
jrwest202,14,京阪電車 / 普通,○,乗車可
jrwest201,0,新幹線,×,乗車不可
jrwest201,1,在来線特急・急行 / サンライズ,×,乗車不可
jrwest201,2,在来線特急・急行 / WEST EXPRESS 銀河,×,乗車不可
jrwest201,3,在来線特急・急行 / はなあかり,×,乗車不可
jrwest201,4,在来線特急・急行 / グリーン,×,乗車不可
jrwest201,5,在来線特急・急行 / 指定,×,乗車不可
jrwest201,6,在来線特急・急行 / 自由,×,乗車不可
jrwest201,7,快速・普通 / Ａシート,▲,乗車券のみ有効
jrwest201,8,快速・普通 / グリーン,▲,乗車券のみ有効
jrwest201,9,快速・普通 / 指定,▲,乗車券のみ有効
jrwest201,10,快速・普通 / 自由,○,乗車可
jrwest201,11,宮島フェリー,－,対象外
jrwest201,12,京阪電車 / ライナー,▲,乗車券のみ有効
jrwest201,13,京阪電車 / プレミアム,▲,乗車券のみ有効
jrwest201,14,京阪電車 / 普通,○,乗車可
jrwest151,0,新幹線,×,乗車不可
jrwest151,1,在来線特急・急行 / サンライズ出雲,×,乗車不可
jrwest151,2,在来線特急・急行 / グリーン,▲,乗車券のみ有効
jrwest151,3,在来線特急・急行 / 指定,▲,乗車券のみ有効
jrwest151,4,在来線特急・急行 / 自由,▲,乗車券のみ有効
jrwest151,5,快速・普通 / ライナー,▲,乗車券のみ有効
jrwest151,6,快速・普通 / グリーン,▲,乗車券のみ有効
jrwest151,7,快速・普通 / 指定,▲,乗車券のみ有効
jrwest151,8,快速・普通 / 自由,○,乗車可
jrwest151,9,宮島フェリー,－,対象外
jrwest160,0,新幹線,×,乗車不可
jrwest160,1,在来線特急・急行 / サンライズ出雲,×,乗車不可
jrwest160,2,在来線特急・急行 / グリーン,▲,乗車券のみ有効
jrwest160,3,在来線特急・急行 / 指定,▲,乗車券のみ有効
jrwest160,4,在来線特急・急行 / 自由,▲,乗車券のみ有効
jrwest160,5,快速・普通 / ライナー,▲,乗車券のみ有効
jrwest160,6,快速・普通 / グリーン,▲,乗車券のみ有効
jrwest160,7,快速・普通 / 指定,▲,乗車券のみ有効
jrwest160,8,快速・普通 / 自由,○,乗車可
jrwest160,9,宮島フェリー,－,対象外
jrwest162,0,新幹線,×,乗車不可
jrwest162,1,在来線特急・急行 / サンライズ出雲,×,乗車不可
jrwest162,2,在来線特急・急行 / グリーン,▲,乗車券のみ有効
jrwest162,3,在来線特急・急行 / 指定,▲,乗車券のみ有効
jrwest162,4,在来線特急・急行 / 自由,▲,乗車券のみ有効
jrwest162,5,快速・普通 / ライナー,▲,乗車券のみ有効
jrwest162,6,快速・普通 / グリーン,▲,乗車券のみ有効
jrwest162,7,快速・普通 / 指定,▲,乗車券のみ有効
jrwest162,8,快速・普通 / 自由,○,乗車可
jrwest162,9,宮島フェリー,－,対象外
jrwest204,0,新幹線,×,乗車不可
jrwest204,1,在来線特急・急行 / サンライズ,×,乗車不可
jrwest204,2,在来線特急・急行 / WEST EXPRESS 銀河,×,乗車不可
jrwest204,3,在来線特急・急行 / はなあかり,×,乗車不可
jrwest204,4,在来線特急・急行 / グリーン,×,乗車不可
jrwest204,5,在来線特急・急行 / 指定,×,乗車不可
jrwest204,6,在来線特急・急行 / 自由,×,乗車不可
jrwest204,7,快速・普通 / Ａシート,▲,乗車券のみ有効
jrwest204,8,快速・普通 / グリーン,▲,乗車券のみ有効
jrwest204,9,快速・普通 / 指定,▲,乗車券のみ有効
jrwest204,10,快速・普通 / 自由,○,乗車可
jrwest204,11,宮島フェリー,－,対象外
jrwest204,12,京阪電車 / ライナー,▲,乗車券のみ有効
jrwest204,13,京阪電車 / プレミアム,▲,乗車券のみ有効
jrwest204,14,京阪電車 / 普通,○,乗車可
jrwest152,0,新幹線,×,乗車不可
jrwest152,1,在来線特急・急行 / サンライズ出雲,×,乗車不可
jrwest152,2,在来線特急・急行 / グリーン,▲,乗車券のみ有効
jrwest152,3,在来線特急・急行 / 指定,▲,乗車券のみ有効
jrwest152,4,在来線特急・急行 / 自由,▲,乗車券のみ有効
jrwest152,5,快速・普通 / ライナー,▲,乗車券のみ有効
jrwest152,6,快速・普通 / グリーン,▲,乗車券のみ有効
jrwest152,7,快速・普通 / 指定,▲,乗車券のみ有効
jrwest152,8,快速・普通 / 自由,○,乗車可
jrwest152,9,宮島フェリー,－,対象外
jrwest156,0,新幹線,×,乗車不可
jrwest156,1,在来線特急・急行 / サンライズ出雲,×,乗車不可
jrwest156,2,在来線特急・急行 / グリーン,▲,乗車券のみ有効
jrwest156,3,在来線特急・急行 / 指定,▲,乗車券のみ有効
jrwest156,4,在来線特急・急行 / 自由,▲,乗車券のみ有効
jrwest156,5,快速・普通 / ライナー,▲,乗車券のみ有効
jrwest156,6,快速・普通 / グリーン,▲,乗車券のみ有効
jrwest156,7,快速・普通 / 指定,▲,乗車券のみ有効
jrwest156,8,快速・普通 / 自由,○,乗車可
jrwest156,9,宮島フェリー,－,対象外
jrwest203,0,新幹線,×,乗車不可
jrwest203,1,在来線特急・急行 / サンライズ,×,乗車不可
jrwest203,2,在来線特急・急行 / WEST EXPRESS 銀河,×,乗車不可
jrwest203,3,在来線特急・急行 / はなあかり,×,乗車不可
jrwest203,4,在来線特急・急行 / グリーン,×,乗車不可
jrwest203,5,在来線特急・急行 / 指定,×,乗車不可
jrwest203,6,在来線特急・急行 / 自由,×,乗車不可
jrwest203,7,快速・普通 / Ａシート,▲,乗車券のみ有効
jrwest203,8,快速・普通 / グリーン,▲,乗車券のみ有効
jrwest203,9,快速・普通 / 指定,▲,乗車券のみ有効
jrwest203,10,快速・普通 / 自由,○,乗車可
jrwest203,11,宮島フェリー,－,対象外
jrwest158,0,新幹線,×,乗車不可
jrwest158,1,在来線特急・急行 / サンライズ出雲,×,乗車不可
jrwest158,2,在来線特急・急行 / グリーン,▲,乗車券のみ有効
jrwest158,3,在来線特急・急行 / 指定,▲,乗車券のみ有効
jrwest158,4,在来線特急・急行 / 自由,▲,乗車券のみ有効
jrwest158,5,快速・普通 / ライナー,▲,乗車券のみ有効
jrwest158,6,快速・普通 / グリーン,▲,乗車券のみ有効
jrwest158,7,快速・普通 / 指定,▲,乗車券のみ有効
jrwest158,8,快速・普通 / 自由,○,乗車可
jrwest158,9,宮島フェリー,－,対象外
jrwest157,0,新幹線,×,乗車不可
jrwest157,1,在来線特急・急行 / サンライズ出雲,×,乗車不可
jrwest157,2,在来線特急・急行 / グリーン,▲,乗車券のみ有効
jrwest157,3,在来線特急・急行 / 指定,▲,乗車券のみ有効
jrwest157,4,在来線特急・急行 / 自由,▲,乗車券のみ有効
jrwest157,5,快速・普通 / ライナー,▲,乗車券のみ有効
jrwest157,6,快速・普通 / グリーン,▲,乗車券のみ有効
jrwest157,7,快速・普通 / 指定,▲,乗車券のみ有効
jrwest157,8,快速・普通 / 自由,○,乗車可
jrwest157,9,宮島フェリー,－,対象外
jrwest153,0,新幹線,×,乗車不可
jrwest153,1,在来線特急・急行 / サンライズ出雲,×,乗車不可
jrwest153,2,在来線特急・急行 / グリーン,▲,乗車券のみ有効
jrwest153,3,在来線特急・急行 / 指定,▲,乗車券のみ有効
jrwest153,4,在来線特急・急行 / 自由,▲,乗車券のみ有効
jrwest153,5,快速・普通 / ライナー,▲,乗車券のみ有効
jrwest153,6,快速・普通 / グリーン,▲,乗車券のみ有効
jrwest153,7,快速・普通 / 指定,▲,乗車券のみ有効
jrwest153,8,快速・普通 / 自由,○,乗車可
jrwest153,9,宮島フェリー,－,対象外
jrwest155,0,新幹線,×,乗車不可
jrwest155,1,在来線特急・急行 / サンライズ出雲,×,乗車不可
jrwest155,2,在来線特急・急行 / グリーン,▲,乗車券のみ有効
jrwest155,3,在来線特急・急行 / 指定,▲,乗車券のみ有効
jrwest155,4,在来線特急・急行 / 自由,▲,乗車券のみ有効
jrwest155,5,快速・普通 / ライナー,▲,乗車券のみ有効
jrwest155,6,快速・普通 / グリーン,▲,乗車券のみ有効
jrwest155,7,快速・普通 / 指定,▲,乗車券のみ有効
jrwest155,8,快速・普通 / 自由,○,乗車可
jrwest155,9,宮島フェリー,－,対象外
jrwest205,0,新幹線,×,乗車不可
jrwest205,1,在来線特急・急行 / サンライズ,×,乗車不可
jrwest205,2,在来線特急・急行 / WEST EXPRESS 銀河,×,乗車不可
jrwest205,3,在来線特急・急行 / はなあかり,×,乗車不可
jrwest205,4,在来線特急・急行 / グリーン,×,乗車不可
jrwest205,5,在来線特急・急行 / 指定,×,乗車不可
jrwest205,6,在来線特急・急行 / 自由,×,乗車不可
jrwest205,7,快速・普通 / Ａシート,▲,乗車券のみ有効
jrwest205,8,快速・普通 / グリーン,▲,乗車券のみ有効
jrwest205,9,快速・普通 / 指定,▲,乗車券のみ有効
jrwest205,10,快速・普通 / 自由,○,乗車可
jrwest205,11,宮島フェリー,－,対象外
jrwest205,12,京阪電車 / ライナー,▲,乗車券のみ有効
jrwest205,13,京阪電車 / プレミアム,▲,乗車券のみ有効
jrwest205,14,京阪電車 / 普通,○,乗車可
tantetsu70,0,特急 / グリーン車,▲,乗車券のみ有効
tantetsu70,1,特急 / 普通車指定,▲,乗車券のみ有効
tantetsu70,2,特急 / 普通車自由,○,乗車可
tantetsu70,3,快速・普通 / ライナー,▲,乗車券のみ有効
tantetsu70,4,快速・普通 / 丹後あかまつ,▲,乗車券のみ有効
tantetsu70,5,快速・普通 / 自由,○,乗車可
tantetsu61,0,特急 / グリーン車,▲,乗車券のみ有効
tantetsu61,1,特急 / 普通車指定,▲,乗車券のみ有効
tantetsu61,2,特急 / 普通車自由,▲,乗車券のみ有効
tantetsu61,3,快速・普通 / ライナー,▲,乗車券のみ有効
tantetsu61,4,快速・普通 / 丹後あかまつ,▲,乗車券のみ有効
tantetsu61,5,快速・普通 / 自由,○,乗車可
nankai92,0,特急座席指定車,▲,乗車券のみ有効
nankai92,1,特急・快速・普通,○,乗車可
jrwest79,0,新幹線,×,乗車不可
jrwest79,2,在来線特急・急行 / グリーン,▲,乗車券のみ有効
jrwest79,3,在来線特急・急行 / 指定,▲,乗車券のみ有効
jrwest79,4,在来線特急・急行 / 自由,○,乗車可
jrwest79,5,快速・普通 / ライナー,▲,乗車券のみ有効
jrwest79,6,快速・普通 / グリーン,▲,乗車券のみ有効
jrwest79,7,快速・普通 / 指定,▲,乗車券のみ有効
jrwest79,8,快速・普通 / 自由,○,乗車可
jrwest66,0,新幹線,×,乗車不可
jrwest66,1,在来線特急・急行 / サンライズ出雲,×,乗車不可
jrwest66,2,在来線特急・急行 / グリーン,×,乗車不可
jrwest66,3,在来線特急・急行 / 指定,×,乗車不可
jrwest66,4,在来線特急・急行 / 自由,×,乗車不可
jrwest66,5,快速・普通 / ライナー,－,対象外
jrwest66,6,快速・普通 / グリーン,▲,乗車券のみ有効
jrwest66,7,快速・普通 / 指定,▲,乗車券のみ有効
jrwest66,8,快速・普通 / 自由,○,乗車可
jrwest66,9,宮島フェリー,－,対象外
jrwest49,0,新幹線,×,乗車不可
jrwest49,1,在来線特急・急行 / サンライズ出雲,－,対象外
jrwest49,2,在来線特急・急行 / グリーン,×,乗車不可
jrwest49,3,在来線特急・急行 / 指定,×,乗車不可
jrwest49,4,在来線特急・急行 / 自由,×,乗車不可
jrwest49,5,快速・普通 / ライナー,－,対象外
jrwest49,6,快速・普通 / グリーン,▲,乗車券のみ有効
jrwest49,7,快速・普通 / 指定,▲,乗車券のみ有効
jrwest49,8,快速・普通 / 自由,○,乗車可
jrwest49,9,宮島フェリー,－,対象外
jrwest68,0,新幹線,×,乗車不可
jrwest68,1,在来線特急・急行 / サンライズ出雲,×,乗車不可
jrwest68,2,在来線特急・急行 / グリーン,×,乗車不可
jrwest68,3,在来線特急・急行 / 指定,×,乗車不可
jrwest68,4,在来線特急・急行 / 自由,×,乗車不可
jrwest68,5,快速・普通 / ライナー,－,対象外
jrwest68,6,快速・普通 / グリーン,▲,乗車券のみ有効
jrwest68,7,快速・普通 / 指定,▲,乗車券のみ有効
jrwest68,8,快速・普通 / 自由,○,乗車可
jrwest68,9,宮島フェリー,－,対象外
jrwest166,0,東海道新幹線,×,乗車不可
jrwest166,1,山陽新幹線 / グリーン車,×,乗車不可
jrwest166,2,山陽新幹線 / 普通車指定,×,乗車不可
jrwest166,3,山陽新幹線 / 普通車自由,×,乗車不可
jrwest166,4,北陸新幹線 / グランクラス,×,乗車不可
jrwest166,5,北陸新幹線 / グリーン車,×,乗車不可
jrwest166,6,北陸新幹線 / 普通車指定,×,乗車不可
jrwest166,7,北陸新幹線 / 普通車自由,×,乗車不可
jrwest166,8,在来線特急・急行 / 寝台車,×,乗車不可
jrwest166,9,在来線特急・急行 / グリーン車,×,乗車不可
jrwest166,10,在来線特急・急行 / 普通車指定,▲,乗車券のみ有効
jrwest166,11,在来線特急・急行 / 普通車自由,▲,乗車券のみ有効
jrwest166,12,快速・普通 / グリーン車指定,▲,乗車券のみ有効
jrwest166,13,快速・普通 / グリーン車自由,▲,乗車券のみ有効
jrwest166,14,快速・普通 / ライナー,▲,乗車券のみ有効
jrwest166,15,快速・普通 / 指定,▲,乗車券のみ有効
jrwest166,16,快速・普通 / 自由,○,乗車可
jrwest61,0,新幹線,×,乗車不可
jrwest61,1,在来線特急・急行 / サンライズ出雲,×,乗車不可
jrwest61,2,在来線特急・急行 / グリーン,×,乗車不可
jrwest61,3,在来線特急・急行 / 指定,×,乗車不可
jrwest61,4,在来線特急・急行 / 自由,×,乗車不可
jrwest61,5,快速・普通 / ライナー,－,対象外
jrwest61,6,快速・普通 / グリーン,×,乗車不可
jrwest61,7,快速・普通 / 指定,▲,乗車券のみ有効
jrwest61,8,快速・普通 / 自由,○,乗車可
jrwest61,9,宮島フェリー,○,乗車可
jrwest62,0,新幹線,×,乗車不可
jrwest62,1,在来線特急・急行 / サンライズ出雲,×,乗車不可
jrwest62,2,在来線特急・急行 / グリーン,×,乗車不可
jrwest62,3,在来線特急・急行 / 指定,×,乗車不可
jrwest62,4,在来線特急・急行 / 自由,×,乗車不可
jrwest62,5,快速・普通 / ライナー,－,対象外
jrwest62,6,快速・普通 / グリーン,×,乗車不可
jrwest62,7,快速・普通 / 指定,▲,乗車券のみ有効
jrwest62,8,快速・普通 / 自由,○,乗車可
jrwest62,9,宮島フェリー,○,乗車可
jrwest301,0,新幹線,×,乗車不可
jrwest301,1,在来線特急・急行 / サンライズ出雲,×,乗車不可
jrwest301,2,在来線特急・急行 / グリーン,×,乗車不可
jrwest301,3,在来線特急・急行 / 指定,×,乗車不可
jrwest301,4,在来線特急・急行 / 自由,×,乗車不可
jrwest301,5,快速・普通 / ライナー,－,対象外
jrwest301,6,快速・普通 / グリーン,×,乗車不可
jrwest301,7,快速・普通 / 指定,▲,乗車券のみ有効
jrwest301,8,快速・普通 / 自由,○,乗車可
jrwest301,9,宮島フェリー,○,乗車可
jrwest69,0,新幹線,×,乗車不可
jrwest69,1,在来線特急・急行 / サンライズ出雲,×,乗車不可
jrwest69,2,在来線特急・急行 / グリーン,×,乗車不可
jrwest69,3,在来線特急・急行 / 指定,×,乗車不可
jrwest69,4,在来線特急・急行 / 自由,×,乗車不可
jrwest69,5,快速・普通 / ライナー,－,対象外
jrwest69,6,快速・普通 / グリーン,▲,乗車券のみ有効
jrwest69,7,快速・普通 / 指定,▲,乗車券のみ有効
jrwest69,8,快速・普通 / 自由,○,乗車可
jrwest69,9,宮島フェリー,－,対象外
jrwest58,0,新幹線,×,乗車不可
jrwest58,1,在来線特急・急行 / サンライズ出雲,－,対象外
jrwest58,2,在来線特急・急行 / グリーン,×,乗車不可
jrwest58,3,在来線特急・急行 / 指定,×,乗車不可
jrwest58,4,在来線特急・急行 / 自由,×,乗車不可
jrwest58,5,快速・普通 / ライナー,－,対象外
jrwest58,6,快速・普通 / グリーン,▲,乗車券のみ有効
jrwest58,7,快速・普通 / 指定,▲,乗車券のみ有効
jrwest58,8,快速・普通 / 自由,○,乗車可
jrwest58,9,宮島フェリー,－,対象外
jrwest85,0,新幹線,×,乗車不可
jrwest85,2,在来線特急・急行 / グリーン,▲,乗車券のみ有効
jrwest85,3,在来線特急・急行 / 指定,▲,乗車券のみ有効
jrwest85,4,在来線特急・急行 / 自由,▲,乗車券のみ有効
jrwest85,5,快速・普通 / ライナー,▲,乗車券のみ有効
jrwest85,6,快速・普通 / グリーン,▲,乗車券のみ有効
jrwest85,7,快速・普通 / 指定,▲,乗車券のみ有効
jrwest85,8,快速・普通 / 自由,○,乗車可
jrwest132,0,新幹線,×,乗車不可
jrwest132,2,在来線特急・急行 / グリーン,▲,乗車券のみ有効
jrwest132,3,在来線特急・急行 / 指定,▲,乗車券のみ有効
jrwest132,4,在来線特急・急行 / 自由,▲,乗車券のみ有効
jrwest132,5,快速・普通 / ライナー,▲,乗車券のみ有効
jrwest132,6,快速・普通 / グリーン,▲,乗車券のみ有効
jrwest132,7,快速・普通 / 指定,▲,乗車券のみ有効
jrwest132,8,快速・普通 / 自由,○,乗車可
jrwest133,0,新幹線,×,乗車不可
jrwest133,2,在来線特急・急行 / グリーン,▲,乗車券のみ有効
jrwest133,3,在来線特急・急行 / 指定,▲,乗車券のみ有効
jrwest133,4,在来線特急・急行 / 自由,▲,乗車券のみ有効
jrwest133,5,快速・普通 / ライナー,▲,乗車券のみ有効
jrwest133,6,快速・普通 / グリーン,▲,乗車券のみ有効
jrwest133,7,快速・普通 / 指定,▲,乗車券のみ有効
jrwest133,8,快速・普通 / 自由,○,乗車可
jrwest148,0,新幹線,×,乗車不可
jrwest148,1,在来線特急・急行 / サンライズ出雲,×,乗車不可
jrwest148,2,在来線特急・急行 / グリーン,×,乗車不可
jrwest148,3,在来線特急・急行 / 指定,×,乗車不可
jrwest148,4,在来線特急・急行 / 自由,×,乗車不可
jrwest148,5,快速・普通 / ライナー,－,対象外
jrwest148,6,快速・普通 / グリーン,▲,乗車券のみ有効
jrwest148,7,快速・普通 / 指定,▲,乗車券のみ有効
jrwest148,8,快速・普通 / 自由,○,乗車可
jrwest148,9,宮島フェリー,－,対象外
jrwest165,0,東海道新幹線,×,乗車不可
jrwest165,1,山陽新幹線 / グリーン車,×,乗車不可
jrwest165,2,山陽新幹線 / 普通車指定,×,乗車不可
jrwest165,3,山陽新幹線 / 普通車自由,×,乗車不可
jrwest165,4,北陸新幹線 / グランクラス,×,乗車不可
jrwest165,5,北陸新幹線 / グリーン車,×,乗車不可
jrwest165,6,北陸新幹線 / 普通車指定,×,乗車不可
jrwest165,7,北陸新幹線 / 普通車自由,×,乗車不可
jrwest165,8,在来線特急・急行 / 寝台車,×,乗車不可
jrwest165,9,在来線特急・急行 / グリーン車,×,乗車不可
jrwest165,10,在来線特急・急行 / 普通車指定,▲,乗車券のみ有効
jrwest165,11,在来線特急・急行 / 普通車自由,▲,乗車券のみ有効
jrwest165,12,快速・普通 / グリーン車指定,▲,乗車券のみ有効
jrwest165,13,快速・普通 / グリーン車自由,▲,乗車券のみ有効
jrwest165,14,快速・普通 / ライナー,▲,乗車券のみ有効
jrwest165,15,快速・普通 / 指定,▲,乗車券のみ有効
jrwest165,16,快速・普通 / 自由,○,乗車可
jrwest140,0,東海道新幹線,×,乗車不可
jrwest140,1,山陽新幹線 / グリーン車,×,乗車不可
jrwest140,2,山陽新幹線 / 普通車指定,×,乗車不可
jrwest140,3,山陽新幹線 / 普通車自由,×,乗車不可
jrwest140,4,北陸新幹線 / グランクラス,×,乗車不可
jrwest140,5,北陸新幹線 / グリーン車,×,乗車不可
jrwest140,6,北陸新幹線 / 普通車指定,×,乗車不可
jrwest140,7,北陸新幹線 / 普通車自由,×,乗車不可
jrwest140,8,在来線特急・急行 / 寝台車,×,乗車不可
jrwest140,9,在来線特急・急行 / グリーン車,×,乗車不可
jrwest140,10,在来線特急・急行 / 普通車指定,▲,乗車券のみ有効
jrwest140,11,在来線特急・急行 / 普通車自由,▲,乗車券のみ有効
jrwest140,12,快速・普通 / グリーン車指定,▲,乗車券のみ有効
jrwest140,13,快速・普通 / グリーン車自由,▲,乗車券のみ有効
jrwest140,14,快速・普通 / ライナー,▲,乗車券のみ有効
jrwest140,15,快速・普通 / 指定,▲,乗車券のみ有効
jrwest140,16,快速・普通 / 自由,○,乗車可
jrwest57,0,新幹線,×,乗車不可
jrwest57,1,在来線特急・急行 / サンライズ出雲,×,乗車不可
jrwest57,2,在来線特急・急行 / グリーン,×,乗車不可
jrwest57,3,在来線特急・急行 / 指定,×,乗車不可
jrwest57,4,在来線特急・急行 / 自由,×,乗車不可
jrwest57,5,快速・普通 / ライナー,－,対象外
jrwest57,6,快速・普通 / グリーン,×,乗車不可
jrwest57,7,快速・普通 / 指定,×,乗車不可
jrwest57,8,快速・普通 / 自由,○,乗車可
jrwest57,9,宮島フェリー,－,対象外
jrwest130,0,新幹線,×,乗車不可
jrwest130,1,在来線特急・急行 / サンライズ出雲,×,乗車不可
jrwest130,2,在来線特急・急行 / グリーン,▲,乗車券のみ有効
jrwest130,3,在来線特急・急行 / 指定,▲,乗車券のみ有効
jrwest130,4,在来線特急・急行 / 自由,▲,乗車券のみ有効
jrwest130,5,快速・普通 / ライナー,▲,乗車券のみ有効
jrwest130,6,快速・普通 / グリーン,▲,乗車券のみ有効
jrwest130,7,快速・普通 / 指定,▲,乗車券のみ有効
jrwest130,8,快速・普通 / 自由,○,乗車可
jrwest130,9,宮島フェリー,－,対象外
jrsikoku01,0,在来線特急列車 / グリーン車,▲,乗車券のみ有効
jrsikoku01,1,在来線特急列車 / ものがたり列車,▲,乗車券のみ有効
jrsikoku01,2,在来線特急列車 / 伊予灘ものがたりのグリーン個室,×,乗車不可
jrsikoku01,3,在来線特急列車 / 普通車指定,▲,乗車券のみ有効
jrsikoku01,4,在来線特急列車 / 普通車自由,○,乗車可
jrsikoku01,5,サンライズ瀬戸号,×,乗車不可
jrsikoku01,6,快速・普通 / グリーン,▲,乗車券のみ有効
jrsikoku01,7,快速・普通 / ライナー,▲,乗車券のみ有効
jrsikoku01,8,快速・普通 / 指定,▲,乗車券のみ有効
jrsikoku01,9,快速・普通 / 自由,○,乗車可
jrsikoku01,10,ＪＲ四国バス / 高速バス,×,乗車不可
jrsikoku01,11,ＪＲ四国バス / 路線バス,○,乗車可
jrsikoku02,0,在来線特急列車 / グリーン車,○,乗車可
jrsikoku02,1,在来線特急列車 / ものがたり列車,▲,乗車券のみ有効
jrsikoku02,2,在来線特急列車 / 伊予灘ものがたりのグリーン個室,×,乗車不可
jrsikoku02,3,在来線特急列車 / 普通車指定,○,乗車可
jrsikoku02,4,在来線特急列車 / 普通車自由,○,乗車可
jrsikoku02,5,サンライズ瀬戸号,×,乗車不可
jrsikoku02,6,快速・普通 / グリーン,○,乗車可
jrsikoku02,7,快速・普通 / ライナー,▲,乗車券のみ有効
jrsikoku02,8,快速・普通 / 指定,○,乗車可
jrsikoku02,9,快速・普通 / 自由,○,乗車可
jrsikoku02,10,ＪＲ四国バス / 高速バス,×,乗車不可
jrsikoku02,11,ＪＲ四国バス / 路線バス,○,乗車可
jrsikoku11,0,在来線特急列車 / グリーン車,▲,乗車券のみ有効
jrsikoku11,1,在来線特急列車 / 普通車指定,▲,乗車券のみ有効
jrsikoku11,2,在来線特急列車 / 普通車自由,○,乗車可
jrsikoku11,3,サンライズ瀬戸号,×,乗車不可
jrsikoku11,4,快速・普通 / グリーン,▲,乗車券のみ有効
jrsikoku11,5,快速・普通 / ライナー,▲,乗車券のみ有効
jrsikoku11,6,快速・普通 / 指定,▲,乗車券のみ有効
jrsikoku11,7,快速・普通 / 自由,○,乗車可
jrsikoku11,8,ＪＲ四国バス / 高速バス,×,乗車不可
jrsikoku11,9,ＪＲ四国バス / 路線バス,×,乗車不可
jrsikoku08,0,在来線特急列車 / グリーン車,▲,乗車券のみ有効
jrsikoku08,1,在来線特急列車 / 普通車指定,▲,乗車券のみ有効
jrsikoku08,2,在来線特急列車 / 普通車自由,▲,乗車券のみ有効
jrsikoku08,3,サンライズ瀬戸号,×,乗車不可
jrsikoku08,4,快速・普通 / グリーン,▲,乗車券のみ有効
jrsikoku08,5,快速・普通 / ライナー,▲,乗車券のみ有効
jrsikoku08,6,快速・普通 / 指定,▲,乗車券のみ有効
jrsikoku08,7,快速・普通 / 自由,○,乗車可
jrsikoku08,8,ＪＲ四国バス / 高速バス,×,乗車不可
jrsikoku08,9,ＪＲ四国バス / 路線バス,×,乗車不可
jrsikoku13,0,在来線特急列車 / グリーン車,▲,乗車券のみ有効
jrsikoku13,1,在来線特急列車 / ものがたり列車,▲,乗車券のみ有効
jrsikoku13,2,在来線特急列車 / 普通車指定,▲,乗車券のみ有効
jrsikoku13,3,在来線特急列車 / 普通車自由,○,乗車可
jrsikoku13,4,サンライズ瀬戸号,×,乗車不可
jrsikoku13,5,快速・普通 / グリーン,▲,乗車券のみ有効
jrsikoku13,6,快速・普通 / ライナー,▲,乗車券のみ有効
jrsikoku13,7,快速・普通 / 指定,▲,乗車券のみ有効
jrsikoku13,8,快速・普通 / 自由,○,乗車可
jrsikoku13,9,ＪＲ四国バス / 高速バス,×,乗車不可
jrsikoku13,10,ＪＲ四国バス / 路線バス,×,乗車不可
jrsikoku03,0,在来線特急列車 / グリーン車,▲,乗車券のみ有効
jrsikoku03,1,在来線特急列車 / ものがたり列車,▲,乗車券のみ有効
jrsikoku03,2,在来線特急列車 / 伊予灘ものがたりのグリーン個室,×,乗車不可
jrsikoku03,3,在来線特急列車 / 普通車指定,▲,乗車券のみ有効
jrsikoku03,4,在来線特急列車 / 普通車自由,○,乗車可
jrsikoku03,5,サンライズ瀬戸号,×,乗車不可
jrsikoku03,6,快速・普通 / グリーン,▲,乗車券のみ有効
jrsikoku03,7,快速・普通 / ライナー,▲,乗車券のみ有効
jrsikoku03,8,快速・普通 / 指定,▲,乗車券のみ有効
jrsikoku03,9,快速・普通 / 自由,○,乗車可
jrsikoku03,10,ＪＲ四国バス / 高速バス,×,乗車不可
jrsikoku03,11,ＪＲ四国バス / 路線バス,○,乗車可
jrsikoku16,0,在来線特急列車 / グリーン車,×,乗車不可
jrsikoku16,1,在来線特急列車 / ものがたり列車,×,乗車不可
jrsikoku16,2,在来線特急列車 / 伊予灘ものがたりのグリーン個室,×,乗車不可
jrsikoku16,3,在来線特急列車 / 普通車指定,×,乗車不可
jrsikoku16,4,在来線特急列車 / 普通車自由,×,乗車不可
jrsikoku16,5,サンライズ瀬戸号,×,乗車不可
jrsikoku16,6,快速・普通 / グリーン,×,乗車不可
jrsikoku16,7,快速・普通 / ライナー,▲,乗車券のみ有効
jrsikoku16,8,快速・普通 / 指定,▲,乗車券のみ有効
jrsikoku16,9,快速・普通 / 自由,○,乗車可
jrsikoku16,10,ＪＲ四国バス / 高速バス,×,乗車不可
jrsikoku16,11,ＪＲ四国バス / 路線バス,○,乗車可
jrsikoku06,1,在来線特急列車 / グリーン車,○,乗車可
jrsikoku06,2,在来線特急列車 / ものがたり列車,▲,乗車券のみ有効
jrsikoku06,3,在来線特急列車 / 普通車指定,○,乗車可
jrsikoku06,4,在来線特急列車 / 普通車自由,○,乗車可
jrsikoku06,5,サンライズ瀬戸号,×,乗車不可
jrsikoku06,6,快速・普通 / グリーン車,○,乗車可
jrsikoku06,7,快速・普通 / ライナー,▲,乗車券のみ有効
jrsikoku06,8,快速・普通 / 指定,○,乗車可
jrsikoku06,9,快速・普通 / 自由,○,乗車可
jrsikoku06,10,ＪＲ四国バス / 高速バス,×,乗車不可
jrsikoku06,11,ＪＲ四国バス / 路線バス,○,乗車可
jrsikoku87,0,在来線特急列車 / グリーン車,▲,乗車券のみ有効
jrsikoku87,1,在来線特急列車 / 普通車指定,▲,乗車券のみ有効
jrsikoku87,2,在来線特急列車 / 普通車自由,○,乗車可
jrsikoku87,3,サンライズ瀬戸号,×,乗車不可
jrsikoku87,4,快速・普通 / グリーン,▲,乗車券のみ有効
jrsikoku87,5,快速・普通 / ライナー,▲,乗車券のみ有効
jrsikoku87,6,快速・普通 / 指定,▲,乗車券のみ有効
jrsikoku87,7,快速・普通 / 自由,○,乗車可
jrsikoku87,8,ＪＲ四国バス / 高速バス,×,乗車不可
jrsikoku87,9,ＪＲ四国バス / 路線バス,×,乗車不可
jrsikoku81,0,在来線特急列車 / グリーン車,▲,乗車券のみ有効
jrsikoku81,1,在来線特急列車 / 普通車指定,▲,乗車券のみ有効
jrsikoku81,2,在来線特急列車 / 普通車自由,○,乗車可
jrsikoku81,3,サンライズ瀬戸号,×,乗車不可
jrsikoku81,4,快速・普通 / グリーン,▲,乗車券のみ有効
jrsikoku81,5,快速・普通 / ライナー,▲,乗車券のみ有効
jrsikoku81,6,快速・普通 / 指定,▲,乗車券のみ有効
jrsikoku81,7,快速・普通 / 自由,○,乗車可
jrsikoku81,8,ＪＲ四国バス / 高速バス,×,乗車不可
jrsikoku81,9,ＪＲ四国バス / 路線バス,○,乗車可
jrsikoku67,0,在来線特急列車 / グリーン車,▲,乗車券のみ有効
jrsikoku67,1,在来線特急列車 / 普通車指定,▲,乗車券のみ有効
jrsikoku67,2,在来線特急列車 / 普通車自由,▲,乗車券のみ有効
jrsikoku67,3,サンライズ瀬戸号,×,乗車不可
jrsikoku67,4,快速・普通 / グリーン,▲,乗車券のみ有効
jrsikoku67,5,快速・普通 / ライナー,▲,乗車券のみ有効
jrsikoku67,6,快速・普通 / 指定,▲,乗車券のみ有効
jrsikoku67,7,快速・普通 / 自由,○,乗車可
jrsikoku67,8,ＪＲ四国バス / 高速バス,×,乗車不可
jrsikoku67,9,ＪＲ四国バス / 路線バス,○,乗車可
jrsikoku101,0,在来線特急列車 / グリーン車,▲,乗車券のみ有効
jrsikoku101,1,在来線特急列車 / ものがたり列車,▲,乗車券のみ有効
jrsikoku101,2,在来線特急列車 / 伊予灘ものがたりのグリーン個室,×,乗車不可
jrsikoku101,3,在来線特急列車 / 普通車指定,▲,乗車券のみ有効
jrsikoku101,4,在来線特急列車 / 普通車自由,○,乗車可
jrsikoku101,5,サンライズ瀬戸号,×,乗車不可
jrsikoku101,6,快速・普通 / グリーン,▲,乗車券のみ有効
jrsikoku101,7,快速・普通 / ライナー,▲,乗車券のみ有効
jrsikoku101,8,快速・普通 / 指定,▲,乗車券のみ有効
jrsikoku101,9,快速・普通 / 自由,○,乗車可
jrsikoku101,10,ＪＲ四国バス / 高速バス,×,乗車不可
jrsikoku101,11,ＪＲ四国バス / 路線バス,○,乗車可
jrsikoku66,0,在来線特急列車 / グリーン車,▲,乗車券のみ有効
jrsikoku66,1,在来線特急列車 / 普通車指定,▲,乗車券のみ有効
jrsikoku66,2,在来線特急列車 / 普通車自由,○,乗車可
jrsikoku66,3,サンライズ瀬戸号,×,乗車不可
jrsikoku66,4,快速・普通 / グリーン,▲,乗車券のみ有効
jrsikoku66,5,快速・普通 / ライナー,▲,乗車券のみ有効
jrsikoku66,6,快速・普通 / 指定,▲,乗車券のみ有効
jrsikoku66,7,快速・普通 / 自由,○,乗車可
jrsikoku66,8,ＪＲ四国バス / 高速バス,×,乗車不可
jrsikoku66,9,ＪＲ四国バス / 路線バス,○,乗車可
jrsikoku65,0,在来線特急列車 / グリーン車,▲,乗車券のみ有効
jrsikoku65,1,在来線特急列車 / 普通車指定,▲,乗車券のみ有効
jrsikoku65,2,在来線特急列車 / 普通車自由,▲,乗車券のみ有効
jrsikoku65,3,サンライズ瀬戸号,×,乗車不可
jrsikoku65,4,快速・普通 / グリーン,▲,乗車券のみ有効
jrsikoku65,5,快速・普通 / ライナー,▲,乗車券のみ有効
jrsikoku65,6,快速・普通 / 指定,▲,乗車券のみ有効
jrsikoku65,7,快速・普通 / 自由,○,乗車可
jrsikoku65,8,ＪＲ四国バス / 高速バス,×,乗車不可
jrsikoku65,9,ＪＲ四国バス / 路線バス,×,乗車不可
jrkyusyu01,0,九州新幹線 / 普通車指定,×,乗車不可
jrkyusyu01,1,九州新幹線 / 普通車自由,×,乗車不可
jrkyusyu01,2,特急・急行 / グリーン,×,乗車不可
jrkyusyu01,3,特急・急行 / DXグリーン,×,乗車不可
jrkyusyu01,4,特急・急行 / グリーン個室,×,乗車不可
jrkyusyu01,5,特急・急行 / 普通車指定,×,乗車不可
jrkyusyu01,6,特急・急行 / 普通車自由,△,条件付き利用可
jrkyusyu01,7,快速・普通 / ライナー,▲,乗車券のみ有効
jrkyusyu01,8,快速・普通 / 指定,▲,乗車券のみ有効
jrkyusyu01,9,快速・普通 / 自由,○,乗車可
jrkyusyu01,10,快速・普通 / 南阿蘇鉄道トロッコ列車,×,乗車不可
jrkyusyu81,0,西九州新幹線 / 指定,▲,乗車券のみ有効
jrkyusyu81,1,西九州新幹線 / 自由,▲,乗車券のみ有効
jrkyusyu81,2,在来線特急・急行 / グリーン車,▲,乗車券のみ有効
jrkyusyu81,3,在来線特急・急行 / 指定,▲,乗車券のみ有効
jrkyusyu81,4,在来線特急・急行 / 自由,▲,乗車券のみ有効
jrkyusyu81,5,快速・普通 / グリーン指定,－,対象外
jrkyusyu81,6,快速・普通 / グリーン自由,－,対象外
jrkyusyu81,7,快速・普通 / ライナー,▲,乗車券のみ有効
jrkyusyu81,8,快速・普通 / 指定,▲,乗車券のみ有効
jrkyusyu81,9,快速・普通 / 自由,○,乗車可
jrkyusyu08,0,九州新幹線 / 普通車指定,－,対象外
jrkyusyu08,1,九州新幹線 / 普通車自由,－,対象外
jrkyusyu08,2,特急・急行 / グリーン,▲,乗車券のみ有効
jrkyusyu08,3,特急・急行 / DXグリーン,▲,乗車券のみ有効
jrkyusyu08,4,特急・急行 / グリーン個室,▲,乗車券のみ有効
jrkyusyu08,5,特急・急行 / 普通車指定,▲,乗車券のみ有効
jrkyusyu08,6,特急・急行 / 普通車自由,▲,乗車券のみ有効
jrkyusyu08,7,快速・普通 / ライナー,▲,乗車券のみ有効
jrkyusyu08,8,快速・普通 / 指定,▲,乗車券のみ有効
jrkyusyu08,9,快速・普通 / 自由,○,乗車可
jrkyusyu91,0,九州新幹線 / グリーン,▲,乗車券のみ有効
jrkyusyu91,1,九州新幹線 / 普通車指定,▲,乗車券のみ有効
jrkyusyu91,2,九州新幹線 / 普通車自由,▲,乗車券のみ有効
jrkyusyu91,3,特急・急行 / グリーン,▲,乗車券のみ有効
jrkyusyu91,4,特急・急行 / DXグリーン,▲,乗車券のみ有効
jrkyusyu91,5,特急・急行 / グリーン個室,▲,乗車券のみ有効
jrkyusyu91,6,特急・急行 / 普通車指定,▲,乗車券のみ有効
jrkyusyu91,7,特急・急行 / 普通車自由,▲,乗車券のみ有効
jrkyusyu91,8,快速・普通 / ライナー,▲,乗車券のみ有効
jrkyusyu91,9,快速・普通 / SL人吉,▲,乗車券のみ有効
jrkyusyu91,10,快速・普通 / 指定,▲,乗車券のみ有効
jrkyusyu91,11,快速・普通 / 自由,○,乗車可
jrkyusyu61,0,九州新幹線 / 普通車指定,－,対象外
jrkyusyu61,1,九州新幹線 / 普通車自由,－,対象外
jrkyusyu61,2,特急・急行 / グリーン,▲,乗車券のみ有効
jrkyusyu61,3,特急・急行 / DXグリーン,▲,乗車券のみ有効
jrkyusyu61,4,特急・急行 / グリーン個室,▲,乗車券のみ有効
jrkyusyu61,5,特急・急行 / 普通車指定,▲,乗車券のみ有効
jrkyusyu61,6,特急・急行 / 普通車自由,▲,乗車券のみ有効
jrkyusyu61,7,快速・普通 / ライナー,▲,乗車券のみ有効
jrkyusyu61,8,快速・普通 / 指定,▲,乗車券のみ有効
jrkyusyu61,9,快速・普通 / 自由,○,乗車可
jrkyusyu801,0,山陽新幹線,×,乗車不可
jrkyusyu801,1,九州/西九州新幹線 / グリーン,▲,乗車券のみ有効
jrkyusyu801,2,九州/西九州新幹線 / 普通車指定,△,条件付き利用可
jrkyusyu801,3,九州/西九州新幹線 / 普通車自由,○,乗車可
jrkyusyu801,4,特急・急行 / グリーン,▲,乗車券のみ有効
jrkyusyu801,5,特急・急行 / DXグリーン,▲,乗車券のみ有効
jrkyusyu801,6,特急・急行 / グリーン個室,▲,乗車券のみ有効
jrkyusyu801,7,特急・急行 / 普通車指定,△,条件付き利用可
jrkyusyu801,8,特急・急行 / 普通車自由,○,乗車可
jrkyusyu801,9,快速・普通 / ライナー,▲,乗車券のみ有効
jrkyusyu801,10,快速・普通 / 指定,▲,乗車券のみ有効
jrkyusyu801,11,快速・普通 / 自由,○,乗車可
jrkyusyu791,0,山陽新幹線,×,乗車不可
jrkyusyu791,1,九州/西九州新幹線 / グリーン,▲,乗車券のみ有効
jrkyusyu791,2,九州/西九州新幹線 / 普通車指定,△,条件付き利用可
jrkyusyu791,3,九州/西九州新幹線 / 普通車自由,○,乗車可
jrkyusyu791,4,特急・急行 / グリーン,▲,乗車券のみ有効
jrkyusyu791,5,特急・急行 / DXグリーン,▲,乗車券のみ有効
jrkyusyu791,6,特急・急行 / グリーン個室,▲,乗車券のみ有効
jrkyusyu791,7,特急・急行 / 普通車指定,△,条件付き利用可
jrkyusyu791,8,特急・急行 / 普通車自由,○,乗車可
jrkyusyu791,9,快速・普通 / ライナー,▲,乗車券のみ有効
jrkyusyu791,10,快速・普通 / 指定,▲,乗車券のみ有効
jrkyusyu791,11,快速・普通 / 自由,○,乗車可
jrkyusyu124,0,山陽新幹線,×,乗車不可
jrkyusyu124,1,九州/西九州新幹線 / グリーン,▲,乗車券のみ有効
jrkyusyu124,2,九州/西九州新幹線 / 普通車指定,△,条件付き利用可
jrkyusyu124,3,九州/西九州新幹線 / 普通車自由,○,乗車可
jrkyusyu124,4,特急・急行 / グリーン,▲,乗車券のみ有効
jrkyusyu124,5,特急・急行 / DXグリーン,▲,乗車券のみ有効
jrkyusyu124,6,特急・急行 / グリーン個室,▲,乗車券のみ有効
jrkyusyu124,7,特急・急行 / 普通車指定,△,条件付き利用可
jrkyusyu124,8,特急・急行 / 普通車自由,○,乗車可
jrkyusyu124,9,快速・普通 / ライナー,▲,乗車券のみ有効
jrkyusyu124,10,快速・普通 / 指定,▲,乗車券のみ有効
jrkyusyu124,11,快速・普通 / 自由,○,乗車可
jrkyusyu123,0,山陽新幹線,×,乗車不可
jrkyusyu123,1,九州/西九州新幹線 / グリーン,▲,乗車券のみ有効
jrkyusyu123,2,九州/西九州新幹線 / 普通車指定,△,条件付き利用可
jrkyusyu123,3,九州/西九州新幹線 / 普通車自由,○,乗車可
jrkyusyu123,4,特急・急行 / グリーン,▲,乗車券のみ有効
jrkyusyu123,5,特急・急行 / DXグリーン,▲,乗車券のみ有効
jrkyusyu123,6,特急・急行 / グリーン個室,▲,乗車券のみ有効
jrkyusyu123,7,特急・急行 / 普通車指定,△,条件付き利用可
jrkyusyu123,8,特急・急行 / 普通車自由,○,乗車可
jrkyusyu123,9,快速・普通 / ライナー,▲,乗車券のみ有効
jrkyusyu123,10,快速・普通 / 指定,▲,乗車券のみ有効
jrkyusyu123,11,快速・普通 / 自由,○,乗車可
jrkyusyu111,0,山陽新幹線,×,乗車不可
jrkyusyu111,1,九州新幹線 西九州新幹線 / グリーン,×,乗車不可
jrkyusyu111,2,九州新幹線 西九州新幹線 / 普通車指定,×,乗車不可
jrkyusyu111,3,九州新幹線 西九州新幹線 / 普通車自由,○,乗車可
jrkyusyu111,4,特急・急行 / グリーン,－,対象外
jrkyusyu111,5,特急・急行 / DXグリーン,－,対象外
jrkyusyu111,6,特急・急行 / グリーン個室,－,対象外
jrkyusyu111,7,特急・急行 / 普通車指定,－,対象外
jrkyusyu111,8,特急・急行 / 普通車自由,－,対象外
jrkyusyu111,9,快速・普通 / ライナー,－,対象外
jrkyusyu111,10,快速・普通 / 指定,－,対象外
jrkyusyu111,11,快速・普通 / 自由,－,対象外
jrkyusyu112,0,西九州新幹線 / 指定,▲,乗車券のみ有効
jrkyusyu112,1,西九州新幹線 / 自由,▲,乗車券のみ有効
jrkyusyu112,2,在来線特急・急行 / グリーン車,▲,乗車券のみ有効
jrkyusyu112,3,在来線特急・急行 / 指定,▲,乗車券のみ有効
jrkyusyu112,4,在来線特急・急行 / 自由,▲,乗車券のみ有効
jrkyusyu112,5,快速・普通 / グリーン指定,－,対象外
jrkyusyu112,6,快速・普通 / グリーン自由,－,対象外
jrkyusyu112,7,快速・普通 / ライナー,▲,乗車券のみ有効
jrkyusyu112,8,快速・普通 / 指定,▲,乗車券のみ有効
jrkyusyu112,9,快速・普通 / 自由,○,乗車可
jrkyusyu51,0,九州新幹線 / 普通車指定,▲,乗車券のみ有効
jrkyusyu51,1,九州新幹線 / 普通車自由,▲,乗車券のみ有効
jrkyusyu51,2,特急・急行 / グリーン,▲,乗車券のみ有効
jrkyusyu51,3,特急・急行 / DXグリーン,▲,乗車券のみ有効
jrkyusyu51,4,特急・急行 / グリーン個室,▲,乗車券のみ有効
jrkyusyu51,5,特急・急行 / 普通車指定,▲,乗車券のみ有効
jrkyusyu51,6,特急・急行 / 普通車自由,▲,乗車券のみ有効
jrkyusyu51,7,快速・普通 / ライナー,▲,乗車券のみ有効
jrkyusyu51,8,快速・普通 / 指定,▲,乗車券のみ有効
jrkyusyu51,9,快速・普通 / 自由,○,乗車可
jrkyusyu52,0,九州新幹線 / 普通車指定,▲,乗車券のみ有効
jrkyusyu52,1,九州新幹線 / 普通車自由,▲,乗車券のみ有効
jrkyusyu52,2,特急・急行 / グリーン,▲,乗車券のみ有効
jrkyusyu52,3,特急・急行 / DXグリーン,▲,乗車券のみ有効
jrkyusyu52,4,特急・急行 / グリーン個室,▲,乗車券のみ有効
jrkyusyu52,5,特急・急行 / 普通車指定,▲,乗車券のみ有効
jrkyusyu52,6,特急・急行 / 普通車自由,▲,乗車券のみ有効
jrkyusyu52,7,快速・普通 / ライナー,▲,乗車券のみ有効
jrkyusyu52,8,快速・普通 / 指定,▲,乗車券のみ有効
jrkyusyu52,9,快速・普通 / 自由,○,乗車可
jrkyusyu121,0,九州新幹線 / 普通車指定,×,乗車不可
jrkyusyu121,1,九州新幹線 / 普通車自由,×,乗車不可
jrkyusyu121,2,特急・急行 / グリーン,×,乗車不可
jrkyusyu121,3,特急・急行 / DXグリーン,×,乗車不可
jrkyusyu121,4,特急・急行 / グリーン個室,×,乗車不可
jrkyusyu121,5,特急・急行 / 普通車指定,×,乗車不可
jrkyusyu121,6,特急・急行 / 普通車自由,△,条件付き利用可
jrkyusyu121,7,快速・普通 / ライナー,▲,乗車券のみ有効
jrkyusyu121,8,快速・普通 / 指定,▲,乗車券のみ有効
jrkyusyu121,9,快速・普通 / 自由,○,乗車可
jrkyusyu121,10,快速・普通 / 南阿蘇鉄道トロッコ列車,×,乗車不可
jrkyusyu120,0,九州新幹線 / 指定,－,対象外
jrkyusyu120,1,九州新幹線 / 自由,－,対象外
jrkyusyu120,2,在来線特急・急行 / グリーン車,▲,乗車券のみ有効
jrkyusyu120,3,在来線特急・急行 / 指定,▲,乗車券のみ有効
jrkyusyu120,4,在来線特急・急行 / 自由,▲,乗車券のみ有効
jrkyusyu120,5,快速・普通 / グリーン指定,－,対象外
jrkyusyu120,6,快速・普通 / グリーン自由,－,対象外
jrkyusyu120,7,快速・普通 / ライナー,▲,乗車券のみ有効
jrkyusyu120,8,快速・普通 / 指定,▲,乗車券のみ有効
jrkyusyu120,9,快速・普通 / 自由,○,乗車可
jrkyusyu119,0,西九州新幹線 / 指定,▲,乗車券のみ有効
jrkyusyu119,1,西九州新幹線 / 自由,▲,乗車券のみ有効
jrkyusyu119,2,在来線特急・急行 / グリーン車,▲,乗車券のみ有効
jrkyusyu119,3,在来線特急・急行 / 指定,▲,乗車券のみ有効
jrkyusyu119,4,在来線特急・急行 / 自由,▲,乗車券のみ有効
jrkyusyu119,5,快速・普通 / グリーン指定,－,対象外
jrkyusyu119,6,快速・普通 / グリーン自由,－,対象外
jrkyusyu119,7,快速・普通 / ライナー,▲,乗車券のみ有効
jrkyusyu119,8,快速・普通 / 指定,▲,乗車券のみ有効
jrkyusyu119,9,快速・普通 / 自由,○,乗車可
jrkyusyu122,0,山陽新幹線,×,乗車不可
jrkyusyu122,1,九州新幹線 西九州新幹線 / グリーン,×,乗車不可
jrkyusyu122,2,九州新幹線 西九州新幹線 / 普通車指定,×,乗車不可
jrkyusyu122,3,九州新幹線 西九州新幹線 / 普通車自由,×,乗車不可
jrkyusyu122,4,特急・急行 / グリーン,×,乗車不可
jrkyusyu122,5,特急・急行 / DXグリーン,×,乗車不可
jrkyusyu122,6,特急・急行 / グリーン個室,×,乗車不可
jrkyusyu122,7,特急・急行 / 普通車指定,×,乗車不可
jrkyusyu122,8,特急・急行 / 普通車自由,×,乗車不可
jrkyusyu122,9,快速・普通 / ライナー,▲,乗車券のみ有効
jrkyusyu122,10,快速・普通 / 指定,▲,乗車券のみ有効
jrkyusyu122,11,快速・普通 / 自由,○,乗車可
jrkyusyu127,0,山陽新幹線,×,乗車不可
jrkyusyu127,1,九州/西九州新幹線 / グリーン,▲,乗車券のみ有効
jrkyusyu127,2,九州/西九州新幹線 / 普通車指定,▲,乗車券のみ有効
jrkyusyu127,3,九州/西九州新幹線 / 普通車自由,▲,乗車券のみ有効
jrkyusyu127,4,特急・急行 / グリーン,▲,乗車券のみ有効
jrkyusyu127,5,特急・急行 / DXグリーン,▲,乗車券のみ有効
jrkyusyu127,6,特急・急行 / グリーン個室,▲,乗車券のみ有効
jrkyusyu127,7,特急・急行 / 普通車指定,▲,乗車券のみ有効
jrkyusyu127,8,特急・急行 / 普通車自由,▲,乗車券のみ有効
jrkyusyu127,9,快速・普通 / ライナー,▲,乗車券のみ有効
jrkyusyu127,10,快速・普通 / 指定,▲,乗車券のみ有効
jrkyusyu127,11,快速・普通 / 自由,○,乗車可
jrkyusyu132,0,九州新幹線 / グリーン,×,乗車不可
jrkyusyu132,1,九州新幹線 / 普通車指定,×,乗車不可
jrkyusyu132,2,九州新幹線 / 普通車自由,×,乗車不可
jrkyusyu132,3,特急・急行 / グリーン,▲,乗車券のみ有効
jrkyusyu132,4,特急・急行 / DXグリーン,▲,乗車券のみ有効
jrkyusyu132,5,特急・急行 / グリーン個室,▲,乗車券のみ有効
jrkyusyu132,6,特急・急行 / 普通車指定,▲,乗車券のみ有効
jrkyusyu132,8,快速・普通 / ライナー,▲,乗車券のみ有効
jrkyusyu132,9,快速・普通 / 指定,▲,乗車券のみ有効
jrkyusyu133,0,九州新幹線 / グリーン,×,乗車不可
jrkyusyu133,1,九州新幹線 / 普通車指定,×,乗車不可
jrkyusyu133,2,九州新幹線 / 普通車自由,×,乗車不可
jrkyusyu133,3,特急・急行 / グリーン,▲,乗車券のみ有効
jrkyusyu133,4,特急・急行 / DXグリーン,▲,乗車券のみ有効
jrkyusyu133,5,特急・急行 / グリーン個室,▲,乗車券のみ有効
jrkyusyu133,6,特急・急行 / 普通車指定,▲,乗車券のみ有効
jrkyusyu133,7,特急・急行 / 普通車自由,▲,乗車券のみ有効
jrkyusyu133,8,快速・普通 / ライナー,▲,乗車券のみ有効
jrkyusyu133,9,快速・普通 / 指定,▲,乗車券のみ有効
solaseed01,0,山陽新幹線,×,乗車不可
solaseed01,1,九州新幹線 / みずほ,×,乗車不可
solaseed01,2,九州新幹線 / グリーン,×,乗車不可
solaseed01,3,九州新幹線 / 普通車指定,×,乗車不可
solaseed01,4,九州新幹線 / 普通車自由,×,乗車不可
solaseed01,5,西九州新幹線 / 普通車指定,－,対象外
solaseed01,6,西九州新幹線 / 普通車自由,－,対象外
solaseed01,7,特急･急行 / グリーン,×,乗車不可
solaseed01,8,特急･急行 / DXグリーン,×,乗車不可
solaseed01,9,特急･急行 / グリーン個室,×,乗車不可
solaseed01,10,特急･急行 / 普通車指定,●,制限あり
solaseed01,11,特急･急行 / 普通車自由,○,乗車可
solaseed01,12,快速･普通 / 指定,●,制限あり
solaseed01,13,快速･普通 / 自由,○,乗車可
solaseed01,14,ななつ星in九州,×,乗車不可
solaseed01,15,或る列車,×,乗車不可
solaseed01,16,かんぱち・いちろく,×,乗車不可
solaseed01,17,36ぷらす3,▲,乗車券のみ有効
solaseed01,18,BRTひこぼしライン,×,乗車不可
solaseed02,0,山陽新幹線,×,乗車不可
solaseed02,1,九州新幹線 / グリーン,×,乗車不可
solaseed02,2,九州新幹線 / 普通車指定,×,乗車不可
solaseed02,3,九州新幹線 / 普通車自由,×,乗車不可
solaseed02,4,西九州新幹線 / 普通車指定,－,対象外
solaseed02,5,西九州新幹線 / 普通車自由,－,対象外
solaseed02,6,特急・急行 / グリーン,▲,乗車券のみ有効
solaseed02,7,特急・急行 / DXグリーン,▲,乗車券のみ有効
solaseed02,8,特急・急行 / グリーン個室,▲,乗車券のみ有効
solaseed02,9,特急・急行 / 普通車指定,○,乗車可
solaseed02,10,特急・急行 / 普通車自由,○,乗車可
solaseed02,11,快速・普通 / ライナー,▲,乗車券のみ有効
solaseed02,12,快速・普通 / 指定,○,乗車可
solaseed02,13,快速・普通 / 自由,×,乗車不可
solaseed02,14,ななつ星in九州,×,乗車不可
solaseed02,15,或る列車,×,乗車不可
solaseed02,16,かんぱち・いちろく,×,乗車不可
solaseed02,17,36ぷらす3,▲,乗車券のみ有効
solaseed02,18,BRTひこぼしライン,×,乗車不可
solaseed03,0,山陽新幹線,×,乗車不可
solaseed03,1,九州新幹線 / みずほ,×,乗車不可
solaseed03,2,九州新幹線 / グリーン,×,乗車不可
solaseed03,3,九州新幹線 / 普通車指定,×,乗車不可
solaseed03,4,九州新幹線 / 普通車自由,×,乗車不可
solaseed03,5,西九州新幹線 / 普通車指定,●,制限あり
solaseed03,6,西九州新幹線 / 普通車自由,●,制限あり
solaseed03,7,特急･急行 / グリーン,▲,乗車券のみ有効
solaseed03,8,特急･急行 / DXグリーン,▲,乗車券のみ有効
solaseed03,9,特急･急行 / グリーン個室,▲,乗車券のみ有効
solaseed03,10,特急･急行 / 普通車指定,○,乗車可
solaseed03,11,特急･急行 / 普通車自由,○,乗車可
solaseed03,12,快速･普通 / 指定,▲,乗車券のみ有効
solaseed03,13,快速･普通 / 自由,○,乗車可
solaseed03,14,ななつ星in九州,×,乗車不可
solaseed03,15,或る列車,×,乗車不可
solaseed03,16,かんぱち・いちろく,×,乗車不可
solaseed03,17,36ぷらす3,▲,乗車券のみ有効
solaseed03,18,BRTひこぼしライン,×,乗車不可
solaseed04,0,山陽新幹線,×,乗車不可
solaseed04,1,九州新幹線 / みずほ,×,乗車不可
solaseed04,2,九州新幹線 / グリーン,×,乗車不可
solaseed04,3,九州新幹線 / 普通車指定,●,制限あり
solaseed04,4,九州新幹線 / 普通車自由,●,制限あり
solaseed04,5,西九州新幹線 / 普通車指定,－,対象外
solaseed04,6,西九州新幹線 / 普通車自由,－,対象外
solaseed04,7,特急･急行 / グリーン,▲,乗車券のみ有効
solaseed04,8,特急･急行 / DXグリーン,▲,乗車券のみ有効
solaseed04,9,特急･急行 / グリーン個室,▲,乗車券のみ有効
solaseed04,10,特急･急行 / 普通車指定,○,乗車可
solaseed04,11,特急･急行 / 普通車自由,○,乗車可
solaseed04,12,快速･普通 / 指定,▲,乗車券のみ有効
solaseed04,13,快速･普通 / 自由,○,乗車可
solaseed04,14,ななつ星in九州,×,乗車不可
solaseed04,15,或る列車,×,乗車不可
solaseed04,16,かんぱち・いちろく,×,乗車不可
solaseed04,17,36ぷらす3,▲,乗車券のみ有効
solaseed04,18,BRTひこぼしライン,×,乗車不可
solaseed05,0,山陽新幹線,×,乗車不可
solaseed05,1,九州新幹線 / みずほ,×,乗車不可
solaseed05,2,九州新幹線 / グリーン,×,乗車不可
solaseed05,3,九州新幹線 / 普通車指定,●,制限あり
solaseed05,4,九州新幹線 / 普通車自由,○,乗車可
solaseed05,5,西九州新幹線 / 普通車指定,●,制限あり
solaseed05,6,西九州新幹線 / 普通車自由,○,乗車可
solaseed05,7,特急･急行 / グリーン,×,乗車不可
solaseed05,8,特急･急行 / DXグリーン,×,乗車不可
solaseed05,9,特急･急行 / グリーン個室,×,乗車不可
solaseed05,10,特急･急行 / 普通車指定,●,制限あり
solaseed05,11,特急･急行 / 普通車自由,○,乗車可
solaseed05,12,快速･普通 / 指定,●,制限あり
solaseed05,13,快速･普通 / 自由,○,乗車可
solaseed05,14,ななつ星in九州,×,乗車不可
solaseed05,15,或る列車,×,乗車不可
solaseed05,16,かんぱち・いちろく,×,乗車不可
solaseed05,17,36ぷらす3,×,乗車不可
solaseed05,18,BRTひこぼしライン,×,乗車不可
solaseed06,0,山陽新幹線,×,乗車不可
solaseed06,1,九州新幹線 / みずほ,×,乗車不可
solaseed06,2,九州新幹線 / グリーン,×,乗車不可
solaseed06,3,九州新幹線 / 普通車指定,▲,乗車券のみ有効
solaseed06,4,九州新幹線 / 普通車自由,○,乗車可
solaseed06,5,西九州新幹線 / 普通車指定,－,対象外
solaseed06,6,西九州新幹線 / 普通車自由,－,対象外
solaseed06,7,特急･急行 / グリーン,×,乗車不可
solaseed06,8,特急･急行 / DXグリーン,×,乗車不可
solaseed06,9,特急･急行 / グリーン個室,×,乗車不可
solaseed06,10,特急･急行 / 普通車指定,▲,乗車券のみ有効
solaseed06,11,特急･急行 / 普通車自由,○,乗車可
solaseed06,12,快速･普通 / 指定,▲,乗車券のみ有効
solaseed06,13,快速･普通 / 自由,○,乗車可
solaseed06,14,ななつ星in九州,×,乗車不可
solaseed06,15,或る列車,×,乗車不可
solaseed06,16,かんぱち・いちろく,×,乗車不可
solaseed06,17,36ぷらす3,×,乗車不可
solaseed06,18,BRTひこぼしライン,×,乗車不可
