ticket_id,passenger_type,channel,variant,price_jpy,price_raw
18kippu,大人,,,10000,"大人/小人 10,000円"
18kippu,大人,,,12050,"大人/小人 12,050円"
autumn,おとな,,,7850,"おとな：7,850円"
autumn,こども,,,3920,"こども：3,920円"
jreast04,大人,,,11780,"大人：11,780円"
jreast04,小人,,,5890,"小人：5,890円"
jreast203,,えきねっと,グリーン車用,51000,"51,000円"
jreast203,,えきねっと,普通車用,28000,"28,000円"
jreast203,,窓口,普通車用,29000,"29,000円"
jreast205,,,,26740,"大人の休日倶楽部会員 
 普通車用：26,740円 グリーン車用：50,250円"
jreast201,,えきねっと,グリーン車用,36000,"36,000円"
jreast201,,えきねっと,普通車用,20000,"20,000円"
jreast201,,窓口,普通車用,21000,"21,000円"
jreast221,,,,18800,"大人の休日倶楽部会員 
 普通車用：18,800円 グリーン車用：35,000円"
jreast24,大人,,,10000,"大人 10,000円"
jreast24,大人,,,18000,"大人 18,000円"
jreast38,大人,,,9000,"大人：9,000円"
jrwest137,大人,,,16500,"大人：16,500円"
jrwest137,小人,,,8500,"小人：8,500円"
jrhokkaido01,大人,窓口,,29000,"29,000円"
jrhokkaido01,大人,えきねっと,,28000,"28,000円"
jrhokkaido11,大人,,1日間用,3300,"3,300円"
jrhokkaido11,小人,,1日間用,1650,"1,650円"
jrhokkaido11,大人,,2日間用,5600,"5,600円"
jrhokkaido11,小人,,2日間用,2800,"2,800円"
jrhokkaido11,大人,,3日間用,6900,"6,900円"
jrhokkaido11,小人,,3日間用,3450,"3,450円"
jrhokkaido13,大人,,,2730,"大人：2,730円"
jrhokkaido13,小人,,,1360,"小人：1,360円"
jrhokkaido22,大人,,,3050,"大人：3,050円"
jrhokkaido22,小人,,,1520,"小人：1,520円"
jrhokkaido54,,えきねっと,グリーン車用,36050,"36,050円"
jrhokkaido54,,えきねっと,普通車用,18070,"18,070円"
jrhokkaido54,,窓口,普通車用,19070,"19,070円"
jrhokkaido55,,,,18070,"大人の休日倶楽部会員 
 普通車用：18,070円 グリーン車用：36,050円"
jrhokkaido91,大人,,1日用,3000,"3,000円"
jrhokkaido91,小人,,1日用,1500,"1,500円"
jrhokkaido91,大人,,2日用,4500,"4,500円"
jrhokkaido91,小人,,2日用,2250,"2,250円"
jrhokkaido93,大人,,,20810,"大人：20,810円"
jrhokkaido87,大人,,,20810,"大人：20,810円"
jrhokkaido95,大人,,,16670,"大人：16,670円"
jrhokkaido86,大人,,,16670,"大人：16,670円"
jrhokkaido88,大人,,,16670,"大人：16,670円"
jrhokkaido107,大人,,網走・小清水フリーパス,4500,"4,500円"
jrhokkaido107,大人,,網走・小清水・女満別空港フリーパス 女満別空港連絡バス付き,5000,"5,000円"
jrhokkaido107,大人,,網走・小清水・女満別空港フリーパス どこバス+plusエアポート付き,6000,"6,000円"
jrhokkaido107,大人,,知床・網走・小清水・女満別空港フリーパス 知床エアポートライナー付き,9800,"9,800円"
jrhokkaido113,大人,,,5400,"大人：5,400円"
jrhokkaido113,小人,,,2700,"小人：2,700円"
jrhokkaido114,大人,,,40200,"大人：4,0200円"
jrhokkaido114,小人,,,2000,"小人：2,000円"
jrhokkaido80,大人,,１日乗車券,3500,"3,500円"
jrhokkaido80,小人,,１日乗車券,1750,"1,750円"
jrhokkaido80,大人,,２日乗車券,6000,"6,000円"
jrhokkaido80,小人,,２日乗車券,3000,"3,000円"
jrhokkaido80,大人,,３日乗車券,9000,"9,000円"
jrhokkaido80,小人,,３日乗車券,4500,"4,500円"
jrhokkaido115,大人,,,3000,"大人：3,000円"
jrhokkaido115,小人,,,1500,"小人：1,500円"
jrhokkaido115,大人,,,4000,"大人：4,000円"
jrhokkaido115,小人,,,2000,"小人：2,000円"
jrhokkaido116,大人,,,5000,"大人：5,000円"
jrhokkaido116,小人,,,2500,"小人：2,500円"
jrhokkaido116,大人,,,6000,"大人：6,000円"
jrhokkaido116,小人,,,3000,"小人：3,000円"
sapporo02,大人,,,830,大人830円
sapporo02,小人,,,420,小人420円
sapporo21,大人,,,520,大人520円
sapporo21,小人,,,260,小人260円
sapporo24,大人,,,570,大人：570円
sapporo24,小人,,,290,小人：290円
sapporo22,大人,,,840,大人：840円
sapporo22,小人,,,420,小人：420円
sapporo23,大人,,,460,大人460円
hakodate01,大人,,,800,大人800円
hakodate01,小人,,,400,小人400円
hakodate51,大人,,,800,大人800円
hakodate51,小人,,,400,小人400円
hakodate52,大人,,,1130,"大人1,130円"
hakodate52,小人,,,570,小人570円
hakodate53,大人,,,1600,"大人：1,600円"
hakodate53,小人,,,800,小人：800円
hakodate54,大人,,,2600,"大人：2,600円"
hakodate54,小人,,,1300,"小人：1,300円"
hakodate92,大人,,,480,大人：480円
hakodate92,小人,,,240,小人：240円
isaribi91,大人,,,1100,"大人：1,100円"
isaribi91,小人,,,550,小人：550円
isaribi92,大人,,,2500,"大人：2,500円"
isaribi92,小人,,,1250,"小人：1,250円"
isaribi92,大人,,,2100,"大人：2,100円"
isaribi92,小人,,,1050,"小人：1,050円"
jreast51,大人,,,4040,"大人：4,040円"
jreast51,小人,,,2020,"小人：2,020円"
sendaimarugoto,大人,,,2930,"大人：2,930円"
sendaimarugoto,小人,,,1470,"小人：1,470円"
aizugurutto,大人,,,3040,"大人：3,040円"
aizugurutto,小人,,,1520,"小人：1,520円"
jreast64-1,大人,,,2620,"大人：2,620円"
jreast64-1,小人,,,1310,"小人：1,310円"
jreast34,大人,,,2850,"大人：2,850円"
jreast34,小人,,,1420,"小人：1,420円"
jreast36,大人,,,2720,"大人：2,720円"
jreast36,小人,,,1360,"小人：1,360円"
jreast48,大人,,,2440,"大人：2,440円"
jreast48,小人,,,1220,"小人：1,220円"
jreast48,大人,,,1880,"大人休日倶楽部会員：1,880円"
sendaimarugotowide,大人,,,3380,"大人：3,380円"
sendaimarugotowide,小人,,,1690,"小人：1,690円"
tugaru99,大人,,,2450,"大人：2,450円"
tugaru91,大人,,,1500,"大人：1,500円"
tugaru91,小人,,,700,小人：700円
tugaru94,大人,,,5000,"大人：5,000円"
tugaru95,大人,,,950,大人：950円
konan01,大人,,,1000,"大人：1,000円"
konan01,小人,,,500,小人：500円
aoimori03,大人,,,2270,"大人：2,270円"
aoimori03,小人,,,1140,"小人：1,140円"
aoimori03,大人,,,4180,"大人：4,180円"
aoimori03,小人,,,2090,"小人：2,090円"
aoimori100,大人,,,700,大人：700円
aoimori02,大人,,,2270,"大人：2,270円"
aoimori02,小人,,,1140,"小人：1,140円"
igraoimori81,大人,,,5500,"大人：5,500円"
igraoimori81,小人,,,2750,"小人：2,750円"
aoimori92,大人,,,920,大人：920円
aoimori92,小人,,,460,小人：460円
aoimori94,大人,,,3570,"大人：3,570円"
aoimori94,小人,,,1790,"小人：1,790円"
aoimori101,大人,,,700,大人：700円
aoimori102,大人,,,2270,"大人：2,270円"
akitajukan01,大人,,,2500,"大人：2,500円"
akitajukan01,小人,,,1250,"小人：1,250円"
akitajukan01,大人,,,1500,"大人：1,500円"
akitajukan01,小人,,,750,小人： 750円
akitajukan01,大人,,,2400,"大人：2,400円"
akitajukan01,小人,,,1200,"小人：1,200円"
akitajukan02,大人,,,3500,"大人：3,500円"
akitajukan02,小人,,,1750,"小人：1,750円"
akitajukan03,大人,,,1500,"大人：1,500円"
akitajukan03,小人,,,750,小人：750円
akitajukan94,大人,,,2000,"大人：2,000円"
akitajukan92,大人,,,3400,"大人：3,400円"
yurikogen02,大人,,,1700,"大人：1,700円"
yurikogen02,小人,,,1000,"小人：1,000円"
yurikogen02,大人,,,1480,"大人：1,480円"
yurikogen02,小人,,,900,小人：900円
yurikogen01,大人,,,1100,"大人：1,100円"
yurikogen01,小人,,,500,小人：500円
igr93,大人,,,3000,"大人：3,000円"
igr93,小人,,,1500,"小人・中学生：1,500円"
igr97,大人,,,1000,"大人：1,000円"
igr98,大人,,,5000,"大人：5,000円"
sanriku11,大人,,,6500,"大人：6,500円"
sanriku11,小人,,,3250,"小人：3,250円"
sanriku25,大人,,,4000,"大人：4,000円"
sanriku25,小人,,,2000,"小人：2,000円"
sanriku12,大人,,,1700,"大人：1,700円"
sanriku12,小人,,,850,小人：850円
sanriku13,大人,,,2700,"大人：2,700円"
sanriku13,小人,,,1350,"小人：1,350円"
sanriku14,大人,,,2900,"大人：2,900円"
sanriku14,小人,,,1450,"小人：1,450円"
sanriku22,,,,1200,"中高生：1,200円"
sanriku23,,,,1700,"中高生：1,700円"
sanriku86,大人,,,500,大人：500円
sanriku86,小人,,,500,小人：500円
sanriku84,大人,,,1500,"大人：1,500円"
sanriku84,小人,,,500,小人：500円
sanriku85,大人,,,400,大人：400円
sanriku85,小人,,,400,小人：400円
flower02,,,,1000,"1,000円"
flower01,大人,,,1000,"大人：1,000円"
sendai01,大人,,,840,大人：840円
sendai01,小人,,,420,小人：420円
sendai01,大人,,,620,大人：620円
sendai01,小人,,,310,小人：310円
sendai03,大人,,,920,大人：920円
sendai03,小人,,,460,小人：460円
sendai92,大人,,,500,大人：500円
sendai92,小人,,,250,小人：250円
sendai92,大人,,,700,大人：700円
sendai92,小人,,,350,小人：350円
sendai93,大人,,,500,大人：500円
sendai93,小人,,,250,小人：250円
sendai93,大人,,,700,大人：700円
sendai93,小人,,,350,小人：350円
abukyu12,大人,,,1500,"大人：1,500円"
abukyu12,小人,,,750,小人：750円
abukyu01,大人,,,600,大人：600円
abukyu01,小人,,,300,小人：300円
abukyu05,大人,,,900,大人：900円
abukyu05,小人,,,450,小人：450円
abukyu102,,,,700,700円
abukyu85,大人,,,1000,"大人：1,000円"
abukyu85,小人,,,500,小人：500円
abukyu84,大人,,,900,大人：900円
abukyu84,小人,,,450,小人：450円
abukyu101,大人,,,1800,"大人：1,800円"
abukyu101,小人,,,900,小人：900円
abukyu92,大人,,,1000,"大人：1,000円"
abukyu92,小人,,,500,小人：500円
abukyu87,大人,,,700,大人：700円
abukyu97,,,,500,500円
fukusima03,大人,,,1000,"大人：1,000円"
fukusima01,大人,,,1300,"大人：1,300円"
fukusima01,小人,,,650,小人：650円
fukusima02,大人,,,1800,"大人：1,800円"
fukusima02,大人,,,4000,"大人：4,000円"
fukusima02,大人,,,6200,"大人：6,200円"
fukusima93,大人,,,1000,"大人：1,000円"
aizu01,大人,,,5150,"大人：5,150円"
aizu01,小人,,,2610,"小人：2,610円"
aizu02,大人,,,4190,"大人：4,190円"
aizu02,小人,,,2130,"小人：2,130円"
aizu96,大人,,,1100,"大人：1,100円"
aizu91,大人,,,3100,"大人：3,100円"
aizu91,小人,,,1550,"小人：1,550円"
jreast17,大人,,,870,大人：870円
jreast17,小人,,,430,小人：430円
tokyo01,大人,,,1720,"大人：1,720円"
tokyo01,小人,,,860,小人：860円
jreast18,大人,,,560,大人：560円
jreast18,小人,,,280,小人：280円
jreast071,大人,,,2600,"大人：2,600円"
jreast071,小人,,,1300,"小人：1,300円"
jreast10,大人,,,2950,"大人：2,950円"
jreast10,小人,,,1470,"小人：1,470円"
jreast12,大人,,,2850,"大人：2,850円"
jreast12,小人,,,1420,"小人：1,420円"
jreast37,大人,,,1450,"大人：1,450円"
jreast45,大人,,,2430,"大人：2,430円"
jreast45,小人,,,650,小人：650円
jreast46,大人,,,4170,"大人：4,170円"
jreast46,小人,,,2080,"小人：2,080円"
jreast13,大人,,,2720,"大人：2,720円"
jreast13,小人,,,1360,"小人：1,360円"
yagan01,,,龍王峡,1040,"1,040円"
yagan01,,,龍王峡,1180,"1,180円"
yagan01,,,龍王峡,1290,"1,290円"
yagan01,,,龍王峡,1530,"1,530円"
yagan01,,,龍王峡,520,520円
yagan01,,,龍王峡,590,590円
yagan01,,,龍王峡,650,650円
yagan01,,,龍王峡,770,770円
yagan01,,,川治温泉,730,730円
yagan01,,,川治温泉,1040,"1,040円"
yagan01,,,川治温泉,1180,"1,180円"
yagan01,,,川治温泉,1400,"1,400円"
yagan01,,,川治温泉,370,370円
yagan01,,,川治温泉,520,520円
yagan01,,,川治温泉,590,590円
yagan01,,,川治温泉,700,700円
yagan01,,,川治湯元,730,730円
yagan01,,,川治湯元,900,900円
yagan01,,,川治湯元,1180,"1,180円"
yagan01,,,川治湯元,1400,"1,400円"
yagan01,,,川治湯元,370,370円
yagan01,,,川治湯元,450,450円
yagan01,,,川治湯元,590,590円
yagan01,,,川治湯元,700,700円
yagan11,大人,,,2100,"大人：2,100円"
yagan11,小人,,,1060,"小人：1,060円"
yagan12,大人,,,4820,"大人：4,820円"
yagan12,小人,,,2420,"小人：2,420円"
yagan13,大人,,,2200,"大人：2,200円"
yagan13,小人,,,1100,"小人：1,100円"
kantetu02,大人,,,2300,"大人：2,300円"
kantetu02,小人,,,1150,"小人：1,150円"
mooka92,大人,,,1500,"大人：1,500円"
mooka92,小人,,,750,小人：750円
utsunomiya01,大人,,,1000,"大人：1,000円"
utsunomiya01,小人,,,500,小人：500円
utsunomiya01,大人,,,1300,"大人：1,300円"
watarase01,大人,,,1880,"大人：1,880円"
watarase01,小人,,,940,小人：940円
watarase01,大人,,,1500,"大人：1,500円"
watarase01,小人,,,700,小人：700円
watarase91,大人,,,2510,"大人：2,510円"
jomou02,大人,,,1300,"大人：1,300円"
jomou02,小人,,,650,小人：650円
jomou03,大人,,,500,大人：500円
jomou98,大人,,,1300,"大人：1,300円"
jomou91,大人,,,1000,"大人：1,000円"
jomou91,小人,,,500,小人：500円
jomou01,大人,,,1000,"大人：1,000円"
jomou01,小人,,,500,小人：500円
joshin11,大人,,,2260,"大人：2,260円"
joshin11,小人,,,1130,"小人：1,130円"
joshin12,大人,,,1140,"大人：1,140円"
joshin12,小人,,,570,小人：570円
joshin94,大人,,,1500,"大人：1,500円"
joshin94,小人,,,750,小人：750円
joshin93,大人,,,500,大人:500円
joshin93,小人,,,250,小人：250円
joshin98,,,,500,高校生：500円
joshin99,,販売額,高崎〜上州富岡,2600,"2,600円"
joshin99,,販売額,高崎〜上州富岡,3900,"3,900円"
joshin99,,販売額,高崎〜下仁田,3000,"3,000円"
joshin99,,販売額,高崎〜下仁田,4500,"4,500円"
minatosen11,大人,,,1000,"大人：1,000円"
minatosen11,小人,,,500,小人：500円
minatosen11,大人,,,1100,"大人：1,100円"
minatosen11,小人,,,550,小人：550円
minatosen13,大人,,,950,大人：950円
minatosen02,大人,,,1200,"大人：1,200円"
minatosen02,大人,,,1600,"大人：1,600円"
minatosen03,大人,,,1000,"大人：1,000円"
minatosen03,大人,,,1100,"大人：1,100円"
minatosen92,大人,,,600,大人：600円
minatosen92,大人,,,1000,"大人：1,000円"
minatosen91,大人,,,1500,"大人：1,500円"
kantetu94,大人,,,600,大人：600円
kantetu01,大人,,,2000,"大人：2,000円"
kantetu01,小人,,,1000,"小人：1,000円"
tukuba91,大人,,,2560,"大人：2,560円"
tukuba91,小人,,,690,小人：690円
tukuba92,大人,,,2420,"大人：2,420円"
tukuba92,小人,,,690,小人：690円
ryutetsu,大人,,,500,大人：500円
ryutetsu,小人,,,250,小人：250円
maihama01,大人,,1日フリーきっぷ,700,700円
maihama01,小人,,1日フリーきっぷ,350,350円
maihama01,大人,,2日フリーきっぷ,900,900円
maihama01,小人,,2日フリーきっぷ,450,450円
maihama01,大人,,3日フリーきっぷ,1200,"1,200円"
maihama01,小人,,3日フリーきっぷ,600,600円
maihama01,大人,,4日フリーきっぷ,1500,"1,500円"
maihama01,小人,,4日フリーきっぷ,750,750円
hokusou91,大人,,,1000,"大人：1,000円"
hokusou91,小人,,,500,小人：500円
hokusou95,大人,,,1420,"大人：1,420円"
hokusou95,小人,,,710,小人：710円
toyo81,大人,,,900,大人：900円
toyo81,小人,,,100,小人：100円
toyo95,大人,,,900,大人：900円
toyo95,小人,,,100,小人：100円
toyo92,大人,,,900,大人：900円
toyo92,小人,,,100,小人：100円
toyo96,大人,,,900,大人：900円
toyo96,小人,,,100,小人：100円
toyo83,大人,,,800,大人：800円
toyo83,小人,,,100,小人：100円
yamaman01,大人,,,500,大人：500円
yamaman01,小人,,,250,小人：250円
tyoshi01,大人,,,700,大人：700円
tyoshi01,小人,,,350,小人：350円
tyoshi93,大人,,,1000,"大人：1,000円"
tyoshi93,小人,,,500,小人：500円
tyoshi04,大人,,,600,大人：600円
tyoshi04,小人,,,300,小人：300円
tyoshi05,大人,,,600,大人：600円
tyoshi05,小人,,,300,小人：300円
tyoshi11,大人,,,600,大人：600円
tyoshi11,小人,,,300,小人：300円
tyoshi91,大人,,,600,大人：600円
tyoshi91,小人,,,300,小人：300円
isumi01,大人,,,1200,"大人：1,200円"
isumi01,小人,,,600,小人：600円
isumi02,大人,,,1500,"大人：1,500円"
isumi02,小人,,,750,小人：750円
isumi06,大人,,,1100,"大人：1,100円"
isumi06,小人,,,560,小人：560円
kominato01,大人,,,2000,"大人：2,000円"
kominato01,小人,,,1000,"小人：1,000円"
kominato02,大人,,,1420,"大人：1,420円"
kominato02,小人,,,710,小人：710円
kominato03,大人,,,1400,"大人：1,400円"
kominato03,小人,,,1000,"小人：1,000円"
kominato82,,,,2000,"大人1名＋小人1名：2,000円 
 大人1名＋小人2名：：2,000円"
chiba01,大人,,,630,大人：630円
chiba01,小人,,,320,小人：320円
chiba04,大人,,,1050,"大人：1,050円"
chiba04,小人,,,530,小人：530円
chiba02,大人,,,630,大人：630円
chiba02,小人,,,320,小人：320円
tobu96,大人,,,2000,"大人：2,000円"
tobu96,小人,,,1000,"小人：1,000円"
titibu03,大人,,,1700,"大人：1,700円"
titibu03,小人,,,500,小人：500円
titibu98,大人,,,1700,"大人：1,700円"
titibu98,小人,,,500,小人：500円
saitama_titibu,大人,,,1200,"大人：1,200円"
saitama_titibu,小人,,,500,小人：500円
srail92,大人,,,580,大人：580円
srail92,小人,,,290,小人：290円
srail83,小人,,,50,小人：50円
srail85,大人,,１日券,580,580円
srail85,小人,,１日券,290,290円
srail85,大人,,２日券,800,800円
srail85,小人,,２日券,350,350円
srail85,大人,,３日券,1000,"1,000円"
srail85,小人,,３日券,450,450円
srail94,大人,,,300,大人：300円
srail94,小人,,,150,小人：150円
srail93,大人,,,580,大人：580円
srail87,大人,,,250,大人：250円
srail87,小人,,,100,小人：100円
saitama_kosoku,大人,,,580,大人：580円
saitama_kosoku,小人,,,290,小人：290円
srail91,大人,,,800,大人：800円
srail91,小人,,,350,小人：350円
saitama50,大人,,,720,大人：720円
saitama50,小人,,,360,小人：360円
saitama51,大人,,,1100,"大人：1,100円"
saitama91,大人,,,1000,"大人：1,000円"
saitama93,大人,,,720,大人：720円
saitama_sinkotsu,大人,,,500,大人：500円
saitama_sinkotsu,小人,,,200,小人：200円
keisei03,大人,,,510,大人：510円
keisei03,小人,,,260,小人：260円
keisei81,大人,,,2000,"大人：2,000円"
keisei81,小人,,,1000,"小人：1,000円"
keisei83,大人,,,3000,"大人：3,000円"
tobu02,大人,,,510,大人：510円
tobu02,小人,,,250,小人：250円
tobu03,大人,,,500,大人：500円
tobu03,大人,,,700,大人：700円
tobu94,大人,,,500,大人：500円
tobu94,小人,,,250,小人：250円
tobu04,大人,,,4860,"大人：4,860円"
tobu04,小人,,,2410,小人：2，410円
saitama_tobu,大人,,,480,大人：480円
saitama_tobu,小人,,,240,小人：240円
tobu91,大人,,,1500,"大人：1,500円"
tobu91,小人,,,100,小人：100円
tobu05,大人,,,3000,"大人：3,000円"
tobu05,小人,,,1700,"小人：1,700円"
tobu62,大人,,,2500,"大人：2,500円"
tobu62,小人,,,1500,"小人：1,500円"
tobu62,大人,,,3750,"大人：3,750円"
tobu62,小人,,,1900,"小人：1,900円"
tobu63,大人,,,2500,"大人：2,500円"
tobu63,小人,,,1500,"小人：1,500円"
tobu63,大人,,,3750,"大人：3,750円"
tobu63,小人,,,1900,"小人：1,900円"
tobu64,大人,,,2500,"大人：2,500円"
tobu64,小人,,,1500,"小人：1,500円"
tobu64,大人,,,3750,"大人：3,750円"
tobu64,小人,,,1900,"小人：1,900円"
seibu11,大人,,,4600,"大人：4,600円"
seibu11,小人,,,1500,"小人：1,500円"
seibu13,大人,,,2700,"大人：2,700円"
seibu13,小人,,,1300,"小人：1,300円"
seibu14,大人,,,5500,"大人：5,500円"
seibu14,小人,,,4100,"小人：4,100円"
seibu120,大人,,,4600,"大人：4,600円"
seibu120,小人,,,1500,"小人：1,500円"
seibu117,大人,,,1200,"大人：1,200円"
seibu117,小人,,,300,小人：300円
seibu118,大人,,,1800,"大人：1,800円"
seibu118,小人,,,1800,"小人：1,800円"
seibu119,大人,,,3000,"大人：3,000円"
seibu122,大人,,,5700,"大人：5,700円"
seibu122,小人,,,4300,"小人：4,300円"
seibu121,大人,,,3700,"大人：3,700円"
seibu121,小人,,,2300,小人：2300円
seibu123,大人,,,3000,"大人：3,000円"
seibu124,大人,,,3000,"大人：3,000円"
seibu125,大人,,,2000,"大人：2,000円"
seibu97,大人,,,500,大人：500円
seibu97,小人,,,250,小人：250円
seibu106,大人,,,1700,"大人：1,700円"
seibu107,大人,,,1800,"大人：1,800円"
seibu107,小人,,,500,小人：500円
seibu108,大人,,,400,大人：400円
seibu108,小人,,,200,小人：200円
seibu113,大人,,,2230,"大人：2,230円"
seibu113,小人,,,1120,"小人：1,120円"
seibu105,大人,,,3000,"大人：3,000円"
saitama_seibu,大人,,,800,大人：800円
saitama_seibu,小人,,,400,小人：400円
metro02,大人,,,700,大人：700円
metro02,小人,,,350,小人：350円
tokyo02,大人,,,900,大人：900円
tokyo02,小人,,,450,小人：450円
metro109,大人,,,700,大人：700円
metro110,大人,,,700,大人：700円
metro111,大人,,,700,大人：700円
metro111,大人,,,2100,"大人：2,100円"
toei03,大人,,,700,大人：700円
toei03,小人,,,350,小人：350円
toei02,大人,,,400,大人：400円
toei02,小人,,,200,小人：200円
toei23,大人,,,500,大人：500円
toei23,小人,,,100,小人：100円
toei92,大人,,,700,大人：700円
toei92,小人,,,350,小人：350円
tokyu01,大人,,,380,大人：380円
tokyu01,小人,,,190,小人：190円
tokyu01,大人,,,360,大人：360円
tokyu01,大人,,,100,大人：100円
tokyu02,大人,,,470,大人：470円
tokyu02,小人,,,240,小人：240円
tokyu02,大人,,,450,大人：450円
tokyu03,大人,,,3300,"大人：3,300円"
tokyu03,小人,,,2200,"小人：2,200円"
tokyu91,大人,,,780,大人：780円
tokyu91,小人,,,390,小人：390円
tokyu91,大人,,,740,大人：740円
tokyu95,大人,,,1110,"大人：1,110円"
tokyu95,小人,,,560,小人：560円
tokyu95,大人,,,1060,"大人：1,060円"
tokyu05,大人,,,1220,"大人：1,220円"
tokyu05,小人,,,610,小人：610円
tokyu05,大人,,,1190,"大人：1,190円"
tokyu05,大人,,,780,大人：780円
tokyu07,大人,,,440,大人：440円
tokyu07,大人,,,220,大人：220円
sotetsutokyu01,大人,,,1300,"大人：1,300円"
sotetsutokyu01,小人,,,520,小人：520円
tokyu92,大人,,,100,大人：-／小人：100円
tokyu81,大人,,,1280,"大人：1,280円"
tokyu81,小人,,,640,小人：640円
tokyu82,大人,,,1680,"大人：1,680円"
tokyu82,小人,,,840,小人：840円
keikyu01,大人,,,1070,"大人：1,070円"
keikyu01,小人,,,530,小人：530円
keikyu03,大人,,,910,大人：910円
keikyu03,小人,,,450,小人：450円
keikyu02,大人,,,1260,"大人：1,260円"
keikyu02,小人,,,500,小人：500円
keikyu08,大人,,,4500,"大人：4,500円"
keikyu08,小人,,,3420,"小人：3,420円"
keikyu08,大人,,,4300,"大人：4,300円"
keikyu04,大人,,,3210,"大人：3,210円"
keikyu04,小人,,,2500,"小人：2,500円"
keikyu04,大人,,,3010,"大人：3,010円"
keikyu11,大人,,,2000,"大人：2,000円"
keikyu12,大人,,,3200,"大人：3,200円"
keikyu13,大人,,,1110,"大人：1,110円"
keikyu13,小人,,,600,小人：600円
odakyu11,大人,,,1750,"大人：1,750円"
odakyu11,小人,,,880,小人：880円
odakyu11,大人,,,790,大人：790円
odakyu11,小人,,,400,小人：400円
keio02,大人,,,1000,"大人：1,000円"
keio02,小人,,,500,小人：500円
keio01,大人,,よみうりランド,5620,"5,620円"
keio01,小人,,よみうりランド,3920,"3,920円"
keio01,,,よみうりランド,4530,"4,530円"
keio01,大人,,東京サマーランド,5470,"5,470円"
keio01,小人,,東京サマーランド,3090,"3,090円"
keio01,,,東京サマーランド,4470,"4,470円"
keio01,大人,,サンリオ ピューロランド,4460,"4,460円"
keio01,小人,,サンリオ ピューロランド,3030,"3,030円"
keio01,,,サンリオ ピューロランド,3360,"3,360円"
keio03,大人,,,580,大人：580円
keio03,小人,,,290,小人：290円
keio103,大人,,,1500,"大人：1,500円"
keio105,大人,,,1500,"大人：1,500円"
keio107,大人,,,1500,"大人：1,500円"
yurikamome03,大人,,,900,大人：900円
yurikamome03,小人,,,450,小人：450円
yurikamome11,大人,,,820,大人：820円
yurikamome11,小人,,,410,小人：410円
yurikamome11,小人,,,200,小人：200円
yurikamome12,大人,,,820,大人：820円
yurikamome12,小人,,,410,小人：410円
yurikamome13,大人,,,1620,"大人：1,620円"
yurikamome13,小人,,,810,小人：810円
yurikamome95,大人,,,820,大人：820円
yurikamome95,小人,,,410,小人：410円
rinkai01,大人,,,730,大人：730円
rinkai01,小人,,,370,小人：370円
rinkai91,大人,,,730,大人：730円
rinkai92,大人,,,730,大人：730円
monorail01,大人,,,700,大人：700円
monorail01,小人,,,350,小人：350円
tama01,大人,,,890,大人：890円
tama01,小人,,,450,小人：450円
tama02,大人,,ららぽーと立川立飛,1000,"1,000円"
tama02,,,ららぽーと立川立飛,500,お買物・お食事券引換券500円分
tama02,大人,,国営昭和記念公園,920,920円 (高校生以上)
tama02,大人,,多摩動物公園,1000,"1,000円 (高校生以上)"
tama92,小人,,,200,小人：200円
yokohama11,大人,,,740,大人：740円
yokohama11,小人,,,370,小人：370円
yokohama12,大人,,,830,大人：830円
yokohama12,小人,,,420,小人：420円
yokohama06,大人,,,700,大人：700円
yokohama06,小人,,,350,小人：350円
yokohama07,大人,,,750,大人：750円
yokohama07,小人,,,380,小人：380円
yokohama92,大人,,,500,大人：500円
yokohama92,小人,,,250,小人：250円
yokohama105,大人,,,750,大人：750円
yokohama105,小人,,,380,小人：380円
sotetsu01,大人,,,880,大人：880円
sotetsu01,小人,,,220,小人：220円
sotetsu81,大人,,,1200,"大人：1,200円"
sotetsu81,小人,,,320,小人：320円
mm01,大人,,,460,大人：460円
mm01,小人,,,230,小人：230円
mm01,大人,,,410,大人：410円
seaside01,大人,,,680,大人：680円
seaside01,小人,,,340,小人：340円
seaside94,大人,,,100,大人：-円／小人：100円
syonan01,大人,,,610,大人：610円
syonan01,小人,,,310,小人：310円
syonan02,大人,,,3130,"大人：3,130円"
syonan02,小人,,,1480,"小人：1,480円"
syonan02,中学生,,,1780,"中学生：1,780円"
enoden01,大人,,,800,大人：800円
enoden01,小人,,,400,小人：400円
enoden03,大人,,,3050,"大人：3,050円"
enoden03,小人,,,1480,"小人：1,480円"
enoden03,中学生,,,1880,"中学生：1,880円"
kamakura,大人,,,600,大人：600円
kamakura,小人,,,300,小人：300円
enoden82,大人,,,1200,"大人：1,200円"
hakone01,大人,,,5000,"大人：5,000円"
hakone01,小人,,,1000,"小人：1,000円"
hakone01,大人,,,5400,"大人：5,400円"
hakone01,小人,,,1250,"小人：1,250円"
hakone14,大人,,,5000,"大人：5,000円"
hakone14,小人,,,1000,"小人：1,000円"
hakone14,大人,,,5400,"大人：5,400円"
hakone14,小人,,,1250,"小人：1,250円"
hakone15,大人,,,3800,"大人：3,800円"
hakone15,小人,,,900,小人：900円
hakone11,大人,,,3700,"大人：3,700円"
hakone11,小人,,,980,小人：980円
hakone13,大人,,,1580,"大人：1,580円"
hakone13,小人,,,500,小人：500円
daiyuzan01,大人,,,620,大人：620円
daiyuzan01,小人,,,320,小人：320円
daiyuzan91,大人,,,1150,"大人：1,150円"
jrtokai06,大人,,,2200,"大人：2,200円"
jrtokai06,小人,,,1100,"小人：1,100円"
jrtokai07,大人,,,2200,"大人：2,200円"
jrtokai07,小人,,,1100,"小人：1,100円"
jrtokai87,大人,,,1500,"大人：1,500円"
jrtokai87,小人,,,750,小人：750円
jrtokai83,大人,,,2000,"大人：2,000円"
jrtokai83,小人,,,1000,"小人：1,000円"
jrtokai84,大人,,,2000,"大人：2,000円"
jrtokai84,小人,,,1000,"小人：1,000円"
jrtokai85,大人,,,2000,"大人：2,000円"
jrtokai85,小人,,,1000,"小人：1,000円"
jrtokai01,大人,,,2620,"大人：2,620円"
jrtokai01,小人,,,1310,"小人：1,310円"
jrtokai03,大人,,,2720,"大人：2,720円"
jrtokai03,小人,,,1360,"小人：1,360円"
jrtokai08,大人,,,9200,"大人：9,200円"
jrtokai08,小人,,,4330,"小人：4,330円"
jrtokai09,大人,,,24500,"大人：24,500円"
jrtokai09,小人,,,12250,"小人：12,250円"
jrtokai89,大人,,,3900,"大人：3,900円"
jrtokai89,小人,,,1900,"小人：1,900円"
jrtokai88,大人,,,3900,"大人：3,900円"
jrtokai88,小人,,,1900,"小人：1,900円"
izukyu51,大人,,,3000,"大人：3,000円"
izukyu51,小人,,,1000,"小人：1,000円"
izukyu52,大人,,,1800,"大人：1,800円"
izukyu52,小人,,,900,小人：900円
izukyu53,大人,,,3980,"大人：3,980円"
izukyu53,小人,,,2980,"小人：2,980円"
izukyu54,大人,,,3980,"大人：3,980円"
izukyu101,大人,,,1500,"大人：1,500円"
izukyu101,小人,,,750,小人：750円
sunzu01,大人,,,1100,"大人：1,100円"
sunzu01,小人,,,560,小人：560円
sunzu91,大人,,,1680,"大人：1,680円"
sunzu85,大人,,,1500,"大人：1,500円"
fujikyu91,大人,,,3000,"大人：3,000円"
fujikyu91,小人,,,1500,"小人：1,500円"
fujikyu91,大人,,,2400,"大人：2,400円"
fujikyu91,小人,,,1200,"小人：1,200円"
fujikyu11,大人,,,4700,"大人：4,700円"
fujikyu11,小人,,,2360,"小人：2,360円"
fujikyu12,大人,,,3300,"大人：3,300円"
fujikyu12,小人,,,1660,"小人：1,660円"
fujikyu13,大人,,,510,大人：510円
fujikyu13,小人,,,360,小人：360円
fujikyu14,大人,,,3000,"大人：3,000円"
fujikyu14,小人,,,2000,"小人：2,000円"
fujikyu71,小人,,,100,小人：100円
gakunan11,大人,,,750,大人：750円
gakunan11,小人,,,310,小人：310円
gakunan02,小人,,,210,小人：210円
gakunan93,大人,,,750,大人：750円
gakunan100,大人,,,750,大人：750円
gakunan101,大人,,,920,大人：920円
shizutetsu01,大人,,,700,大人：700円
shizutetsu01,小人,,,350,小人：350円
shizutetsu11,大人,,,1600,"大人：1,600円"
shizutetsu11,小人,,,800,小人：800円
shizutetsu95,大人,,,800,大人：800円
shizutetsu93,,,,500,中高生：500円
shizutetsu92,,,,500,中高生：500円
shizutetsu91,,,,500,中高生：500円
oigawa96,大人,,,4800,"大人：4,800円"
oigawa96,小人,,,2400,"小人：2,400円"
oigawa96,大人,,,2400,"大人：2,400円"
oigawa96,小人,,,1200,"小人：1,200円"
oigawa16,大人,,,880,大人：880円
oigawa16,小人,,,440,小人：440円
tenhama02,大人,,,1950,"大人：1,950円"
tenhama02,小人,,,980,小人：980円
tenhama03,大人,,,1550,"大人：1,550円"
tenhama03,小人,,,780,小人：780円
tenhama04,大人,,,1550,"大人：1,550円"
tenhama04,小人,,,780,小人：780円
tenhama11,大人,,,1600,"大人：1,600円"
tenhama11,小人,,,800,小人：800円
tenhama12,大人,,,1600,"大人：1,600円"
tenhama12,小人,,,800,小人：800円
entetu71,大人,,,1200,"大人：1,200円"
entetu71,小人,,,600,小人：600円
entetu71,大人,,,1800,"大人：1,800円"
entetu71,小人,,,900,小人：900円
entetu71,大人,,,2800,"大人：2,800円"
entetu71,小人,,,1400,"小人：1,400円"
entetu72,大人,,,2300,"大人：2,300円"
entetu72,小人,,,1200,"小人：1,200円"
entetu72,大人,,,2800,"大人：2,800円"
entetu72,小人,,,1400,"小人：1,400円"
entetu72,大人,,,3600,"大人：3,600円"
entetu72,小人,,,1800,"小人：1,800円"
tenhama81,大人,,,1950,"大人：1,950円"
tenhama101,大人,,,1950,"大人：1,950円"
entetu02,大人,,,1200,"大人：1,200円"
entetu02,小人,,,600,小人：600円
entetu01,大人,,,1570,"大人：1,570円"
entetu01,小人,,,790,小人：790円
toyotetu01,大人,,,1100,"大人：1,100円"
toyotetu01,小人,,,550,小人：550円
toyotetu02,大人,,,550,大人：550円
toyotetu02,小人,,,280,小人：280円
toyotetu03,大人,,,1100,"大人：1,100円"
toyotetu03,小人,,,550,小人：550円
toyotetu04,大人,,,1200,"大人：1,200円"
toyotetu04,小人,,,650,小人：650円
toyotetu05,大人,,,2100,"大人：2,100円"
toyotetu05,小人,,,1050,"小人：1,050円"
toyotetu06,大人,,,3300,"大人：3,300円"
toyotetu06,小人,,,1650,"小人：1,650円"
toyotetu92,大人,,,1700,"大人：1,700円"
toyotetu94,大人,,,1500,"大人：1,500円"
toyotetu94,小人,,,750,小人：750円
nagoya01,大人,,,760,大人：760円
nagoya01,小人,,,380,小人：380円
nagoya12,大人,,,870,大人：870円
nagoya12,小人,,,430,小人：430円
nagoya02,大人,,,620,大人：620円
nagoya02,小人,,,310,小人：310円
nagoya98,大人,,,620,大人：620円
nagoya89,大人,,,620,大人：620円
nagoya90,大人,,,870,大人：870円
nagoya87,大人,,,870,大人：870円
nagoya88,大人,,,620,大人：620円
nagoya96,大人,,,620,大人：620円
nagoya103,大人,,,870,大人：870円
nagoya104,大人,,,870,大人：870円
nagoya105,大人,,,870,大人：870円
nagoya93,大人,,,2000,"大人：2,000円"
nagoya91,小人,,,310,小人：310円
nagoya92,大人,,,2100,"大人：2,100円"
meitetu01,大人,,,4400,"大人：4,400円"
meitetu01,小人,,,2200,"小人：2,200円"
meitetu11,大人,,,3400,"大人：3,400円"
meitetu11,小人,,,1700,"小人：1,700円"
meitetu12,大人,,,1100,"大人：1,100円"
meitetu12,小人,,,810,小人：810円
meitetu101,大人,,,3700,"大人：3,700円"
meitetu101,小人,,,3700,"小人：3,700円"
meitetu94,大人,,,3700,"大人：3,700円"
meitetu100,小人,,,150,小人：150円
333,大人,,,6200,"大人：6,200円"
333,大人,,,8200,"大人：8,200円"
meitetu95,大人,,,2200,"大人：2,200円"
kintetu03,大人,,,5000,"大人：5,000円"
kintetu03,小人,,,2500,"小人：2,500円"
kintetu71,大人,,,3000,"大人：3,000円"
kintetu71,小人,,,1500,"小人：1,500円"
kintetu63,大人,,,3800,"大人：3,800円"
kintetu63,小人,,,2400,"小人：2,400円"
kintetu73,大人,,,2500,"大人／小人：2,500円"
linimo01,大人,,,800,大人：800円
linimo01,小人,,,400,小人：400円
aikan81,大人,,,1700,"大人：1,700円"
aikan81,小人,,,850,小人：850円
aikan96,大人,,,1500,"大人：1,500円"
aikan96,小人,,,750,小人：750円
guideway91,大人,,,500,大人：500円
guideway91,小人,,,250,小人：250円
guideway92,大人,,,1000,"大人：1,000円"
aonami91,大人,,,800,大人：800円
aonami91,小人,,,400,小人：400円
akechi03,大人,,,1380,"大人：1,380円"
akechi03,小人,,,700,小人：700円
akechi99,大人,,,1380,"大人：1,380円"
akechi91,大人,,,1380,"大人：1,380円"
akechi87,大人,,,1380,"大人：1,380円"
nagaragawa01,大人,,,2700,"大人：2,700円"
nagaragawa01,小人,,,1350,"小人：1,350円"
nagaragawa91,大人,,,2700,"大人：2,700円"
nagaragawa91,小人,,,1350,"小人：1,350円"
nagaragawa92,,,,2000,"中高生：2,000円"
nagaragawa81,大人,,,900,大人：900円
nagaragawa81,小人,,,450,小人：450円
nagaragawa86,大人,,,1000,"大人：1,000円"
yoro11,大人,,,1500,"大人：1,500円"
yoro11,小人,,,750,小人：750円
yoro91,大人,,,1500,"大人：1,500円"
yoro95,大人,,,1500,"大人：1,500円"
yoro95,小人,,,750,小人：750円
tarumi02,大人,,,1800,"大人：1,800円"
tarumi02,小人,,,900,小人：900円
asunarou01,大人,,,550,大人：550円
asunarou01,小人,,,280,小人：280円
sangi11,大人,,,1200,"大人：1,200円"
sangi11,小人,,,600,小人：600円
sangi12,大人,,,1200,"大人：1,200円"
sangi12,小人,,,600,小人：600円
sangi92,大人,,,1200,"大人：1,200円"
sangi92,小人,,,600,小人：600円
ise91,大人,,,1000,"大人：1,000円"
ise91,小人,,,500,小人：500円
ise92,大人,,,1000,"大人：1,000円"
ise92,小人,,,500,小人：500円
ise94,大人,,,600,大人：600円
ise94,小人,,,300,小人：300円
ise93,大人,,,1000,"大人：1,000円"
ise93,小人,,,500,小人：500円
jreast66,おとな,,,2830,"おとな：2,830円"
jreast66,こども,,,1110,"こども：1,110円"
jreast58,大人,,,1570,"大人：1,570円"
jreast58,小人,,,780,小人：780円
jreast60,大人,,,3300,"大人：3,300円"
jreast60,小人,,,1650,"小人：1,650円"
jrwest41,大人,,,2950,"大人：2,950円"
jrwest41,小人,,,1180,"小人：1,180円"
jrwest46,大人,,,3250,"大人：3,250円"
jrwest46,小人,,,1620,"小人：1,620円"
jrwest40,大人,,,2200,"大人：2,200円"
jrwest40,小人,,,1600,"小人：1,600円"
jrwest42,大人,,,2300,"大人：2,300円"
jrwest42,小人,,,1200,"小人：1,200円"
jrwest39,大人,,,1550,"大人：1,550円"
jrwest39,小人,,,770,小人：770円
jrwest45,,,,10110,"大人：110ポイント＋10,110円／小人：110ポイント＋5,110円"
hokuhoku01,大人,,,1800,"大人：1,800円"
hokuhoku01,小人,,,900,小人：900円
hokuhoku92,大人,,,1400,"大人：1,400円"
echigo03,大人,,,2400,"大人：2,400円"
echigo03,小人,,,1200,"小人：1,200円"
echigo93,大人,,,1200,"大人：1,200円"
echigo98,大人,,,3000,"大人：3,000円"
echigo98,小人,,,1500,"小人：1,500円"
echigo02,大人,,,1800,"大人：1,800円"
echigo02,小人,,,600,小人：600円
echigo91,大人,,,1000,"大人：1,000円"
ueda02,大人,,,1180,"大人：1,180円"
ueda02,小人,,,600,小人：600円
sinano32,大人,,,1880,"大人：1,880円"
sinano32,小人,,,940,小人：940円
ueda04,大人,,,1240,"大人：1,240円"
ueda04,小人,,,620,小人：620円
ueda102,大人,,,1180,"大人：1,180円"
sinano33,大人,,,2500,"大人：2,500円"
sinano33,小人,,,1250,"小人：1,250円"
sinano33,大人,,,3600,"大人：3,600円"
sinano33,小人,,,1800,"小人：1,800円"
sinano11,大人,,,1400,"大人：1,400円"
sinano11,小人,,,700,小人：700円
sinano11,大人,,,1100,"大人：1,100円"
sinano11,小人,,,550,小人：550円
sinano30,大人,,,2300,"大人：2,300円"
sinano30,小人,,,1150,"小人：1,150円"
sinano30,大人,,,2000,"大人：2,000円"
sinano30,小人,,,1000,"小人：1,000円"
nagaden01,大人,,,3520,"大人：3,520円"
nagaden01,小人,,,1760,"小人：1,760円"
nagaden01,大人,,,2820,"大人：2,820円"
nagaden01,小人,,,1410,"小人：1,410円"
nagaden06,大人,,,4800,"大人：4,800円"
nagaden06,小人,,,2400,"小人：2,400円"
nagaden05,大人,,,5000,"大人：5,000円"
nagaden05,小人,,,2500,"小人：2,500円"
nagaden07,小学生,,,620,小学生：620円
matuden01,大人,,,1420,"大人：1,420円"
matuden01,小人,,,710,小人：710円
matuden91,大人,,,1000,"大人：1,000円"
matuden91,小人,,,300,小人：300円
matuden92,大人,,,1000,"大人：1,000円"
matuden92,小人,,,300,小人：300円
matuden94,大人,,,700,大人：700円
matuden94,小人,,,350,小人：350円
titetu01,大人,,,6000,"大人：6,000円"
titetu01,小人,,,3000,"小人：3,000円"
titetu05,大人,,,3400,"大人：3,400円"
titetu05,小人,,,1700,"小人：1,700円"
titetu02,大人,,,650,大人：650円
titetu02,小人,,,330,小人：330円
titetu09,大人,,,1500,"大人：1,500円"
titetu09,大人,,,1000,"大人：1,000円"
titetu06,大人,,,1250,"大人：1,250円"
titetu06,小人,,,1030,"小人：1,030円"
titetu07,大人,,,950,大人：950円
titetu07,小人,,,700,小人：700円
titetu08,大人,,,1500,"大人：1,500円"
titetu08,小人,,,980,小人：980円
titetu93,大人,,,4500,"大人：4,500円"
titetu93,小人,,,2700,"小人：2,700円"
titetu94,大人,,,3000,"大人：3,000円"
titetu94,小人,,,1950,"小人：1,950円"
titetu99,大人,,,500,大人：500円
titetu92,大人,,,500,大人：500円
titetu92,小人,,,250,小人：250円
titetu90,中学生,,,6500,"中学生：6,500円"
titetu90,小学生,,,3500,"小学生：3,500円"
titetu91,大人,,,2600,"大人：2,600円"
titetu91,小人,,,1300,"小人：1,300円"
kurobekyokoku01,大人,,プレミアムタイプ,5100,"5,100円"
kurobekyokoku01,小人,,プレミアムタイプ,3100,"3,100円"
kurobekyokoku01,大人,,ベーシックタイプ,4000,"4,000円"
kurobekyokoku01,小人,,ベーシックタイプ,2000,"2,000円"
ainokaze01,大人,,,1500,"大人：1,500円"
ainokaze01,小人,,,750,小人：750円
irtoyama01,大人,,,2000,"大人：2,000円"
irtoyama01,小人,,,1000,"小人：1,000円"
toyama111,大人,,,1000,"大人：1,000円"
toyama111,小人,,,500,小人：500円
hokuriku3ken,大人,,,2800,"大人：2,800円"
hokuriku3ken,小人,,,1400,"小人：1,400円"
manyo01,大人,,,900,大人：900円
manyo01,小人,,,450,小人：450円
manyo03,大人,,,1100,"大人：1,100円"
manyo03,小人,,,550,小人：550円
manyo04,大人,,,500,大人：500円
manyo04,小人,,,250,小人：250円
manyo05,大人,,,2300,"大人：2,300円"
manyo05,小人,,,1900,"小人：1,900円"
ishikawa04,大人,,,600,大人：600円
ishikawa04,小人,,,300,小人：300円
ishikawa01,大人,,,500,大人：500円
ishikawa02,大人,,,1000,"大人：1,000円"
ishikawa03,大人,,,1500,"大人：1,500円"
ishikawa11,大人,,,400,大人：400円
ishikawa11,小人,,,100,小人：100円
ishikawa11,中学生,,,200,中学生：200円
ishikawa12,大人,,,400,大人：400円
ishikawa12,小人,,,100,小人：100円
ishikawa12,中学生,,,200,中学生：200円
ishikawa13,大人,,,400,大人：400円
ishikawa13,小人,,,100,小人：100円
ishikawa13,中学生,,,200,中学生：200円
ishikawa14,大人,,,800,大人：800円
ishikawa14,小人,,,200,小人：200円
ishikawa14,中学生,,,400,中学生：400円
ishikawa102,大人,,,400,大人：400円
ishikawa102,小人,,,200,小人：200円
ishikawa103,大人,,,400,大人：400円
ishikawa103,小人,,,200,小人：200円
ishikawa121,大人,,,400,大人：400円
ishikawa122,大人,,,400,大人：400円
ishikawa123,大人,,,400,大人：400円
ishikawa97,大人,,,500,大人：500円
ishikawa98,大人,,,1000,"大人：1,000円"
ishikawa99,大人,,,2000,"大人：2,000円"
ishikawa100,大人,,,200,大人：200円
ishikawa100,中学生,,,100,中学生：100円
ishikawa100,小人,,,50,小人：50円
noto02,大人,,,3000,"大人：3,000円"
noto01,大人,,,1000,"大人：1,000円"
noto01,小人,,,500,小人：500円
noto95,大人,,,1000,"大人：1,000円"
noto95,小人,,,500,小人：500円
hokuriku01,大人,,,1100,"大人：1,100円"
hokuriku01,小人,,,550,小人：550円
hokuriku05,大人,,,800,大人：800円
hokuriku05,小人,,,400,小人：400円
hokuriku93,大人,,,500,大人：500円
hokuriku92,大人,,,600,大人：600円
hokuriku03,大人,,,500,大人：500円
hokuriku03,小人,,,250,小人：250円
hokuriku04,大人,,,600,大人：600円
hokuriku04,小人,,,300,小人：300円
hokuriku91,大人,,,1600,"大人：1,600円"
hapilinefukui01,大人,,,1500,"大人：1,500円"
hapilinefukui01,小人,,,750,小人：750円
etizen03,大人,,,1700,"大人：1,700円"
etizen03,小人,,,900,小人：900円
etizen04,大人,,,2500,"大人：2,500円"
fukui_maas01,大人,,,2900,"大人：2,900円"
fukui_maas01,小人,,,1450,"小人：1,450円"
etizen01,大人,,,1200,"大人：1,200円"
etizen01,小人,,,600,小人：600円
etizen01,大人,,,1000,"大人：1,000円"
etizen01,小人,,,500,小人：500円
etizenfukui01,大人,,,1700,"大人：1,700円"
etizenfukui01,小人,,,850,小人：850円
etizen91,大人,,,1800,"大人：1,800円"
etizen91,小人,,,1000,"小人：1,000円"
fukutetu73,,,,2200,"2,200円"
etizenfukui02,大人,,,2100,"大人：2,100円"
etizenfukui02,小人,,,1100,"小人：1,100円"
fukutetu01,大人,,,600,大人：600円
fukutetu01,小人,,,300,小人：300円
fukutetu05,大人,,,1300,"大人：1,300円"
fukutetu05,小人,,,650,小人：650円
fukutetu77,,,,1200,"大人2名＋小人2名：1,200円 
 大人1名＋小人2名：800円"
fukutetu04,大人,,,500,大人：500円
fukutetu90,,,,880,880円
fukutetu92,大人,,,1100,"大人：1,100円"
fukutetu74,大人,,,500,大人：500円
fukutetu74,小人,,,250,小人：250円
fukutetu75,大人,,,500,大人：500円
fukutetu75,小人,,,250,小人：250円
fukutetu76,大人,,,300,大人：300円
fukutetu76,小人,,,150,小人：150円
fukutetu78,大人,,,500,大人：500円
fukutetu78,小人,,,250,小人：250円
jrwest154,大人,,,3600,"大人：3,600円"
osaka_maas_01,大人,,,1000,"大人：1,000円"
jrwest159,大人,,,1800,"大人：1,800円"
jrwest161,大人,,,3600,"大人：3,600円"
jrwest202,大人,,,4000,"大人：4,000円"
jrwest202,小人,,,2000,"小人：2,000円"
jrwest201,大人,,,2500,"大人：2,500円"
jrwest201,小人,,,1300,"小人：1,300円"
nankai101,大人,,,1500,"大人：1,500円"
jrwest151,大人,,,3900,"大人：3,900円"
jrwest151,小人,,,1800,"小人：1,800円"
jrwest160,大人,,,4400,"大人：4,400円"
jrwest162,大人,,,1200,"大人：1,200円"
jrwest162,小人,,,600,小人：600円
jrwest152,大人,,,2500,"大人：2,500円"
jrwest156,大人,,,4800,"大人：4,800円"
jrwest156,小人,,,2400,"小人：2,400円"
jrwest203,大人,,,1200,"大人：1,200円"
hankyu102,大人,,,1300,"大人 1,300円"
jrwest158,大人,,,800,大人：800円
jrwest157,大人,,,1400,"大人：1,400円"
jrwest153,大人,,,4600,"大人：4,600円"
jrwest155,大人,,,1200,"大人：1,200円"
jrwest205,大人,,,6200,"大人：6,200円"
iga01,大人,,,800,大人：800円
iga01,小人,,,400,小人：400円
iga96,大人,,,700,大人：700円
iga96,小人,,,350,小人：350円
iga97,大人,,,600,大人：600円
iga97,小人,,,300,小人：300円
iga41,大人,,,800,大人：800円
iga41,小人,,,400,小人：400円
iga42,大人,,,800,大人：800円
iga42,小人,,,400,小人：400円
iga43,大人,,,800,大人：800円
iga43,小人,,,400,小人：400円
iga44,大人,,,1100,"大人：1,100円"
iga44,小人,,,700,小人：700円
iga45,大人,,,800,大人：800円
iga45,小人,,,400,小人：400円
iga49,中学生,,,1200,"中学生) 
 下忍：1,200円"
iga95,大人,,,500,大人：500円
iga95,小人,,,250,小人：250円
omi11,大人,,,1500,"大人：1,500円"
omi95,おとな,,,2500,"おとな：2,500円"
biwakokeihanna,大人,,,2000,"大人：2,000円"
omi90,大人,,,500,大人：500円
omi90,小人,,,100,小人：100円
omi85,おとな,,,500,おとな：500円
omi81,大人,,,900,大人：900円
omi81,小人,,,450,小人：450円
omi82,大人,,,500,大人：500円
omi86,大人,,,100,大人：100円
omi87,大人,,,400,大人：400円
omi87,小人,,,10,小人：10円
omi96,小人,,,10,小人：10円
omi92,小人,,,10,小人：10円
omi12,大人,,,900,大人：900円
omi12,小人,,,450,小人：450円
shigaraki11,大人,,,940,大人：940円
shigaraki11,小人,,,480,小人：480円
shigaraki12,大人,,,1200,"大人：1,200円"
shigaraki12,小人,,,600,小人：600円
shigaraki94,大人,,,940,大人：940円
shigaraki94,小人,,,480,小人：480円
kyoto12,大人,,,1100,"大人：1,100円"
kyoto12,小人,,,550,小人：550円
kyoto11,大人,,,800,大人：800円
kyoto11,小人,,,400,小人：400円
naraikaruga,,,京都市交通局,2200,"2,200円"
naraikaruga,,,京阪電気鉄道,2200,"2,200円"
naraikaruga,,,阪急電鉄,2450,"2,450円"
naraikaruga,,,阪神電気鉄道,2100,"2,100円"
naraikaruga,,,大阪市高速電気軌道,2200,"2,200円"
naraikaruga,,,能勢電鉄,2850,"2,850円"
naraikaruga,,,北大阪急行電鉄,2300,"2,300円"
naraikaruga,,,大阪高速鉄道,3600,"3,600円"
naraikaruga,,,神戸高速鉄道,2300,"2,300円"
naraikaruga,,,山陽版①,2800,"2,800円"
naraikaruga,,,山陽版②,3100,"3,100円"
naraikaruga,,,神戸市交通局,2700,"2,700円"
naraikaruga,,,神戸電鉄,3000,"3,000円"
kyotoaraden,大人,,,1300,"大人：1,300円"
eiden51,大人,,,2100,"大人：2,100円"
kyoto81,大人,,,800,大人：800円
kyoto82,大人,,,2900,"大人：2,900円"
kyoto82,小人,,,1450,"小人：1,450円"
eiden01,大人,,,1200,"大人：1,200円"
eiden01,小人,,,600,小人：600円
eiden91,大人,,,1800,"大人：1,800円"
eiden95,大人,,,3100,"大人：3,100円"
eiden95,小人,,,1600,"小人：1,600円"
eiden97,大人,,,3500,"大人：3,500円"
eiden97,小人,,,1800,"小人：1,800円"
eiden81,大人,,,2000,"大人：2,000円"
eiden83,大人,,,2200,"大人：2,200円"
eiden104,大人,,,2200,"大人 2,200円"
randen01,大人,,,700,大人：700円
randen01,小人,,,350,小人：350円
randen02,大人,,,1700,"大人：1,700円"
hankyu04,大人,,,1400,"大人：1,400円"
hankyu04,大人,,,1800,"大人：1,800円"
randen04,大人,,,1000,"大人：1,000円"
randen04,小人,,,500,小人：500円
tantetsu70,大人,,,3550,"大人：3,550円"
tantetsu70,小人,,,1780,"小人：1,780円"
tantetsu70,大人,,,4550,"大人：4,550円"
tantetsu70,小人,,,2280,"小人：2,280円"
tantetsu11,大人,,,2500,"大人：2,500円"
tantetsu11,小人,,,1250,"小人：1,250円"
tantetsu61,大人,,,5800,"大人：5,800円"
tantetsu61,小人,,,2900,"小人：2,900円"
tantetsu02,大人,,,1850,"大人：1,850円"
tantetsu02,大人,,,1650,"大人：1,650円"
tankai11,大人,,,2600,"大人：2,600円"
tankai11,小人,,,1300,"小人：1,300円"
tankai11,大人,,,2500,"大人：2,500円"
tankai11,小人,,,1250,"小人：1,250円"
surukan07,大人,,神戸エリア版,1500,"大人：1,500円"
surukan07,大人,,阪急拡大版,2300,"大人：2,300円"
surukan07,大人,,阪神拡大版,2150,"大人：2,150円"
surukan07,大人,,山陽拡大版①,2100,"大人：2,100円"
surukan07,大人,,山陽拡大版②,2700,"大人：2,700円"
surukan07,大人,,近鉄拡大版①,2800,"大人：2,800円"
surukan07,大人,,近鉄拡大版②,3200,"大人：3,200円"
koyasan,,,阪急電鉄,4400,"4,400円"
koyasan,,,阪急電鉄,4300,"4,300円"
koyasan,,,神戸高速鉄道,4350,"4,350円"
koyasan,,,神戸高速鉄道,4300,"4,300円"
koyasan,,,山陽版(全線),4950,"4,950円"
koyasan,,,山陽版(全線),4650,"4,650円"
koyasan,,,京阪版,4500,"4,500円"
koyasan,,,京阪版,4600,"4,600円"
koyasan,,,北大阪急行電鉄,4400,"4,400円"
kintetu75,小人,,,100,小人：100円
surukan10,大人,,,3500,"大人：3,500円"
surukan10,大人,,,5000,"大人：5,000円"
osakamono87,大人,,,3800,"大人：3,800円"
osakamono87,大人,,,5400,"大人：5,400円"
kintetu67,大人,,,2800,"大人：2,800円"
kintetu93,大人,,,1300,"大人：1,300円"
kintetu97,大人,,,1600,"大人：1,600円"
kintetu98,大人,,,1700,"大人：1,700円"
keihan05,大人,,,1650,"大人：1,650円"
keihan05,小人,,,830,小人：830円
keihan06,大人,,,1100,"大人：1,100円"
keihan06,小人,,,550,小人：550円
keihan83,大人,,,2100,"大人：2,100円"
keihan83,小人,,,1050,"小人：1,050円"
keihan04,大人,,,800,大人：800円
keihan04,小人,,,400,小人：400円
keihan02,大人,,,2200,"大人：2,200円"
keihan02,小人,,,1250,"小人：1,250円"
keihan15,大人,,,5050,"大人：5,050円"
keihan68,大人,,,2600,"大人：2,600円"
keihan11,大人,,,2160,"大人：2,160円"
keihan99,大人,,,3100,"大人：3,100円"
keihan99,小人,,,1550,"小人：1,550円"
keihan14,大人,,,650,大人：650円
keihan90,大人,,,2600,"大人：2,600円"
keihan86,大人,,,1700,"大人：1,700円"
keihan88,大人,,,1700,"大人：1,700円"
keihan104,大人,,,4000,"大人：4,000円"
keihan105,大人,,,2500,"大人：2,500円"
keihan102,大人,,,500,大人：500円
keihan89,大人,,,500,大人：500円
keihan91,大人,,,1500,"大人：1,500円"
keihan92,大人,,2024年12月1日〜2024年12月7日,1600,"1,600円"
keihan92,小人,,2024年12月1日〜2024年12月7日,800,800円
keihan92,大人,,2024年12月8日〜2024年12月14日,1900,"1,900円"
keihan92,小人,,2024年12月8日〜2024年12月14日,950,950円
keihan92,大人,,2024年12月15日〜2025年1月5日,2200,"2,200円"
keihan92,小人,,2024年12月15日〜2025年1月5日,1100,"1,100円"
hankyuhanshin0,大人,,,1600,"大人：1,600円"
hankyu89,大人,,,1300,"大人：1,300円"
kitakyumonorailkyoto,大人,,,1500,"大人：1,500円"
arima_rokko,大人,,基本フリー版,2900,"大人：2,900円"
arima_rokko,大人,,阪急版,3100,"大人：3,100円"
arima_rokko,大人,,阪神版,3000,"大人：3,000円"
arima_rokko,大人,,山陽明石以東版,3300,"大人：3,300円"
arima_rokko,大人,,山陽全線版,3800,"大人：3,800円"
arima_rokko,大人,,神鉄拡大版,3100,"大人：3,100円"
arima_rokko02,大人,,,3600,"大人：3,600円"
taikonoyu,大人,,神戸電鉄版,2600,"2,600円"
taikonoyu,大人,,神戸電鉄版,3000,"3,000円"
taikonoyu,大人,,阪急電鉄版,3250,"3,250円"
taikonoyu,大人,,阪急電鉄版,3400,"3,400円"
taikonoyu,大人,,阪神電気鉄道版,3150,"3,150円"
taikonoyu,大人,,阪神電気鉄道版,2700,"2,700円"
hankyu101,大人,,,500,大人 500円
hankyu105,大人,,,1200,"大人：1,200円"
hankyu103,大人,,,2800,"大人：2,800円"
hankyu94,大人,,,1200,"大人：1,200円"
hankyu94,大人,,,1600,"大人：1,600円"
hankyu93,大人,,,600,大人：600円
nose73,大人,,,800,大人：800円
nose74,大人,,,800,大人：800円
hansinsanyo,大人,,,2450,"大人：2,450円"
hansinsanyo,大人,,,2350,"大人：2,350円"
sanyo12,大人,,,1900,"大人：1,900円"
sanyo12,大人,,,1750,"大人：1,750円"
sanyo11,大人,,,1200,"大人：1,200円"
sanyo11,大人,,,1120,"大人：1,120円"
sanhime,大人,,,1700,"大人：1,700円"
sanhime,大人,,,1590,"大人：1,590円"
sanyo95,大人,,,600,大人：600円
hanshin93,大人,,,2700,"大人：2,700円"
kobe11,大人,,,3000,"大人：3,000円"
hanshin72,大人,,,1500,"大人：1,500円"
sanyo91,大人,,,1200,"大人：1,200円"
osaka03,大人,,,820,大人：820円
osaka03,小人,,,310,小人：310円
osaka03,大人,,,620,大人：620円
osaka04,大人,,,820,大人：820円
osaka04,小人,,,310,小人：310円
osaka04,大人,,,620,大人：620円
osakametoro92,大人,,,670,大人：670円
osakametoro94,大人,,,1000,"大人：1,000円"
osakametoro94,小人,,,500,小人：500円
osakametoro95,大人,,,1700,"大人：1,700円"
osakametoro95,小人,,,850,小人：850円
osakametoro96,大人,,,1500,"大人：1,500円"
osakametoro51,大人,,,2660,"大人：2,660円"
osakametoro51,小人,,,1380,"小人：1,380円"
osakametoro98,大人,,,2800,"大人：2,800円"
osakametoro83,大人,,,2800,"大人：2,800円"
osakametoro99,大人,,,1100,"大人：1,100円"
kitakyu91,大人,,,2400,"大人：2,400円"
kitakyu92,大人,,,2820,"大人：2,820円"
kitakyu92,小人,,,1460,"小人：1,460円"
osakamono96,大人,,,700,大人：700円
osakamono96,小人,,,300,小人：300円
osakamono97,大人,,,600,大人：600円
osakamono90,中学生,,,1700,"中学生：1,700円"
osakamono90,小人,,,1400,"小人：1,400円"
osakamono98,大人,,,1000,"大人：1,000円"
osakamono52,大人,,,2530,"大人：2,530円"
osakamono52,小人,,,1310,"小人：1,310円"
nankai102,大人,,,2500,"大人：2,500円"
nankai104,大人,,,1700,"大人：1,700円"
nankai100,大人,,,3900,"大人：3,900円"
nankai99,大人,,,2700,"大人：2,700円"
nankai99,小人,,,500,小人：500円
nankai105,大人,,,2500,"大人：2,500円"
nankai106,大人,,,1000,"大人：1,000円"
nankai92,大人,,,1150,"大人：1,150円"
nankai92,小人,,,350,小人：350円
nankai91,大人,,,2200,"大人：2,200円"
hankai02,大人,,,700,大人：700円
hankai02,小人,,,350,小人：350円
hankai03,大人,,,680,大人：680円
hankai03,小人,,,340,小人：340円
sakai04,大人,,,800,大人：800円
sakai04,小人,,,400,小人：400円
sakai03,大人,,,600,大人：600円
sakai03,小人,,,300,小人：300円
mizuma01,大人,,,660,大人：660円
mizuma01,小人,,,330,小人：330円
mizuma03,大人,,,360,大人：360円
mizuma93,大人,,,660,大人：660円
mizuma93,小人,,,330,小人：330円
wakayama01,大人,,,800,大人：800円
wakayama01,小人,,,400,小人：400円
wakayama94,大人,,,1500,"大人：1,500円"
wakayama94,小人,,,1100,"小人：1,100円"
kobe01,大人,,,1220,"大人 1,220円"
kobe01,小人,,,610,小人 610円
kobe02,大人,,,710,大人 710円
kobe02,小人,,,360,小人 360円
kobe03,大人,,,550,大人 550円
kobe03,小人,,,280,小人 280円
kobecity04,大人,,,980,大人：980円
kobecity02,大人,,,830,大人：830円
kobecity01,大人,,,1040,"大人：1,040円"
kobecity83,大人,,,700,大人：700円
kobecity84,中学生,,,0,中学生：0円
shintetu94,大人,,,1400,"大人：1,400円"
shintetu94,小人,,,1000,"小人：1,000円"
shintetu94,大人,,,2000,"大人：2,000円"
sanyo98,大人,,,1510,"大人：1,510円"
sanyo98,大人,,,1700,"大人：1,700円"
sanyo98,大人,,,1950,"大人：1,950円"
sanyo98,大人,,,2000,"大人：2,000円"
shintetu81,大人,,,2100,"大人：2,100円"
kobecity92,大人,,,1000,"大人：1,000円"
shintetu92,大人,,,1000,"大人：1,000円"
shintetu93,大人,,,930,大人：930円
shintetu82,大人,,,1000,"大人：1,000円"
shintetu91,大人,,,1100,"大人：1,100円"
sanhime5,大人,,,8500,"大人：8,500円"
sanyo97,大人,,,2500,"大人：2,500円"
sanyo99,大人,,,1000,"大人：1,000円"
sanyo99,小人,,,0,小人：0円
sanyo90,大人,,,1600,"大人：1,600円"
hojo01,大人,,,1000,"大人：1,000円"
hojo01,小人,,,500,小人：500円
jrwest79,大人,,,3600,"大人：3,600円"
jrwest79,小人,,,1800,"小人：1,800円"
jrwest66,大人,,,4300,"大人：4,300円"
jrwest66,小人,,,2150,"小人：2,150円"
jrwest49,大人,,,3240,"大人：3,240円"
jrwest49,小人,,,1620,"小人：1,620円"
jrwest68,大人,,,3800,"大人：3,800円"
jrwest68,小人,,,1750,"小人：1,750円"
jrwest166,大人,,,2500,"大人：2,500円"
jrwest166,小人,,,1250,"小人：1,250円"
jrwest61,大人,,,4400,"大人：4,400円"
jrwest61,小人,,,2200,"小人：2,200円"
jrwest62,大人,,,4100,"大人：4,100円"
jrwest62,小人,,,2150,"小人：2,150円"
jrwest301,大人,,,14500,"大人：14,500円"
jrwest301,小人,,,7250,"小人：7,250円"
jrwest69,大人,,,3500,"大人：3,500円"
jrwest69,小人,,,1750,"小人：1,750円"
jrwest58,大人,,,3500,"大人：3,500円"
jrwest58,小人,,,1750,"小人：1,750円"
jrwest85,大人,,,5000,"大人：5,000円"
jrwest85,小人,,,2500,"小人：2,500円"
jrwest132,大人,,,3000,"大人：3,000円"
jrwest132,小人,,,1500,"小人：1,500円"
jrwest133,大人,,,5000,"大人：5,000円"
jrwest133,小人,,,1800,"小人：1,800円"
jrwest148,大人,,,700,大人：700円
jrwest148,小人,,,350,小人：350円
jrwest165,大人,,,1500,"大人：1,500円"
jrwest165,小人,,,750,小人：750円
jrwest140,大人,,,2220,"大人：2,220円"
jrwest140,小人,,,1850,"小人：1,850円"
jrwest57,大人,,,2000,"大人：2,000円"
jrwest57,小人,,,1000,"小人：1,000円"
jrwest130,大人,,,1500,"大人：1,500円"
tizukyu11,大人,,,2000,"大人：2,000円"
tizukyu11,小人,,,1000,"小人：1,000円"
wakasa01,大人,,,760,大人：760円
wakasa01,大人,,,500,大人：500円
wakasa03,大人,,,1800,"大人：1,800円"
wakasa02,,,,760,"760円 (大人１名＋小人１名) 
 2024年1月6日〜2024年2月25日は、380円"
itibata01,大人,,,1800,"大人：1,800円"
itibata01,小人,,,900,小人：900円
itibata02,大人,,,1700,"大人：1,700円"
itibata04,大人,,,2300,"大人：2,300円"
itibata04,中学生,,,1800,"中学生：1,800円"
itibata04,小人,,,1200,"小人：1,200円"
itibata05,大人,,,1900,"大人：1,900円"
itibata06,大人,,,3500,"大人：3,500円"
itibata06,小人,,,1750,"小人：1,750円"
itibata92,大人,,,500,大人：500円
itibata92,小人,,,250,小人：250円
okaden02,大人,,,400,大人：400円
okaden02,小人,,,200,小人：200円
okaden97,大人,,,400,大人：400円
okaden97,小人,,,200,小人：200円
okaden98,大人,,,800,大人：800円
okaden98,小人,,,600,小人：600円
okaden94,中学生,,,3100,"中学生：3,100円"
okaden94,小学生,,,2100,"小学生2,100円"
mizushima01,大人,,,800,大人：800円
mizushima01,小人,,,400,小人：400円
ibara12,大人,,,1700,"大人：1,700円"
ibara12,小人,,,850,小人：850円
ibara91,大人,,,500,大人：500円
ibara91,小人,,,300,小人：300円
astrum01,大人,,,900,大人：900円
astrum01,小人,,,450,小人：450円
astrum11,大人,,,630,大人：630円
astrum11,小人,,,320,小人：320円
hiroden01,大人,,,700,大人：700円
hiroden01,小人,,,350,小人：350円
hiroden03,大人,,,600,大人：600円
hiroden03,小人,,,300,小人：300円
hiroden03,大人,,,700,大人：700円
hiroden03,小人,,,350,小人：350円
hiroden02,大人,,,1000,"大人：1,000円"
hiroden02,小人,,,550,小人：550円
hiroden04,大人,,,1000,"大人：1,000円"
hiroden04,小人,,,550,小人：550円
hiroshima01,大人,,,1000,"大人：1,000円"
hiroshima01,大人,,,1500,"大人：1,500円"
hiroshima01,大人,,,2000,"大人：2,000円"
hiroshima02,大人,,,1000,"大人：1,000円"
hiroshima02,大人,,,1500,"大人：1,500円"
hiroshima02,大人,,,2000,"大人：2,000円"
hiroshima08,大人,,,4500,"大人：4,500円"
hiroden07,大人,,,440,大人：440円
hiroden07,小人,,,220,小人：220円
nishikigawa01,大人,,,2000,"大人：2,000円"
jrsikoku01,大人,,,18000,"大人：18,000円"
jrsikoku01,小人,,,9000,"小人：9,000円"
jrsikoku02,大人,,,23000,"大人：23,000円"
jrsikoku11,大人,,,4100,"大人：4,100円"
jrsikoku11,小人,,,2050,"小人：2,050円"
jrsikoku08,大人,,,2200,"大人：2,200円"
jrsikoku08,小人,,,1100,"小人：1,100円"
jrsikoku13,大人,,,4000,"大人：4,000円"
jrsikoku13,小人,,,2000,"小人：2,000円"
jrsikoku03,大人,,,12000,"大人：12,000円"
jrsikoku03,小人,,,6000,"小人：6,000円"
jrsikoku16,大人,,,2400,"大人：2,400円"
jrsikoku16,小人,,,1200,"小人：1,200円"
jrsikoku06,大人,,,15000,"大人：15,000円"
jrsikoku06,大人,,,12000,"大人：12,000円"
jrsikoku06,小人,,,6000,"小人：6,000円"
jrsikoku87,大人,,,5800,"大人：5,800円"
jrsikoku87,小人,,,2900,"小人：2,900円"
jrsikoku81,,,,12000,"12,000円"
tosakuro92,大人,,,2900,"大人：2,900円"
tosakuro92,小人,,,1450,"小人：1,450円"
jrsikoku67,大人,,,2000,"大人：2,000円"
jrsikoku67,小人,,,1000,"小人：1,000円"
jrsikoku101,大人,,,100000,"大人：100,000円"
jrsikoku66,大人,,,12000,"大人：12,000円"
jrsikoku66,小人,,,500,小人：500円
jrsikoku65,大人,,,2000,"大人：2,000円"
kotoden01,大人,,,1600,"大人：1,600円"
kotoden01,小人,,,800,小人：800円
kotoden03,大人,,,1300,"大人：1,300円"
kotoden04,大人,,,3800,"大人：3,800円"
kotoden09,大人,,,1700,"大人：1,700円"
kotoden09,小人,,,850,小人：850円
kotoden05,大人,,,3800,"大人：3,800円"
kotoden05,小人,,,2300,"小人：2,300円"
kotoden07,大人,,,1500,"大人：1,500円"
kotoden07,小人,,,750,小人：750円
kotoden08,大人,,,2800,"大人：2,800円"
kotoden08,小人,,,1400,"小人：1,400円"
kotoden84,大人,,,2500,"大人：2,500円"
kotoden10,大人,,,3500,"大人：3,500円"
kotoden81,大人,,,2200,"大人：2,200円"
kotoden81,中学生,,,1700,"中学生：1,700円"
kotoden81,小学生,,,1600,"小学生：1,600円"
kotoden82,大人,,,2500,"大人：2,500円"
kotoden82,中学生,,,2000,"中学生：2,000円"
kotoden82,小学生,,,1700,"小学生：1,700円"
iyotetu21,大人,,,2000,"大人：2,000円"
iyotetu21,小人,,,1000,"小人：1,000円"
iyotetu22,大人,,,2300,"大人：2,300円"
iyotetu22,小人,,,1150,"小人：1,150円"
tosaden01,大人,,,500,大人：500円
tosaden01,小人,,,250,小人：250円
tosaden03,大人,,,600,大人：600円
tosaden03,小人,,,300,小人：300円
tosaden02,大人,,,1000,"大人：1,000円"
tosaden02,小人,,,500,小人：500円
tosaden04,大人,,,1200,"大人：1,200円"
tosaden04,小人,,,600,小人：600円
tosaden05,大人,,,1800,"大人：1,800円"
tosaden05,小人,,,900,小人：900円
tosaden91,大人,,,2000,"大人：2,000円"
tosaden91,小人,,,1000,"小人：1,000円"
kurosio01,大人,,,2200,"大人：2,200円"
kurosio01,小人,,,1100,"小人：1,100円"
kurosio02,大人,,中村・宿毛線(全線),2080,"2,080円"
kurosio02,小人,,中村・宿毛線(全線),1040,"1,040円"
kurosio02,大人,,中村線(窪川〜中村),2600,"2,600円"
kurosio02,小人,,中村線(窪川〜中村),1300,"1,300円"
tosakuro81,大人,,,500,大人：500円
tosakuro81,小人,,,300,小人：300円
tosakuro96,大人,,,3000,"大人：3,000円"
tosakuro96,小人,,,1500,"小人：1,500円"
jrkyusyu01,大人,,,12000,"大人：12,000円"
jrkyusyu01,小人,,,12000,"小人：12,000円"
jrkyusyu01,大人,,,14000,"大人：14,000円"
jrkyusyu01,大人,,,13000,"大人：13,000円"
jrkyusyu81,大人,,,3700,"大人：3,700円"
jrkyusyu81,小人,,,1850,"小人：1,850円"
jrkyusyu08,大人,,,2670,"大人：2,670円"
jrkyusyu08,小人,,,1340,"小人：1,340円"
jrkyusyu91,大人,窓口発売,,15800,"15,800円"
jrkyusyu91,小人,窓口発売,,7900,"7,900円"
jrkyusyu91,大人,インターネット 列車予約発売,,14300,"14,300円"
jrkyusyu91,小人,インターネット 列車予約発売,,7150,"7,150円"
jrkyusyu61,大人,,,23000,"大人：2,3000円"
jrkyusyu61,小人,,,1150,"小人：1,150円"
minamiaso11,大人,,,2000,"大人：2,000円"
minamiaso12,大人,,,3200,"大人：3,200円"
jrkyusyu801,,,,22800,"22,800円"
jrkyusyu791,,,,11300,"11,300円"
jrkyusyu124,,,,22800,"22,800円"
jrkyusyu123,,,,11300,"11,300円"
jrkyusyu66,小人,,,100,小人：100円
jrkyusyu118,大人,,,500,大人：500円
jrkyusyu118,小人,,,250,小人：250円
jrkyusyu111,大人,,,3000,"大人：3,000円"
jrkyusyu111,小人,,,1500,"小人：1,500円"
jrkyusyu112,大人,,,4400,"大人：4,400円"
jrkyusyu112,小人,,,1820,"小人：1,820円"
jrkyusyu113,大人,,,1000,"大人：1,000円"
jrkyusyu113,小人,,,500,小人：500円
jrkyusyu114,大人,,,3100,"大人：3,100円"
jrkyusyu114,小人,,,2000,"小人：2,000円"
jrkyusyu115,大人,インターネット列車予約,,15000,"15,000円"
jrkyusyu115,小人,インターネット列車予約,,6000,"6,000円"
jrkyusyu115,大人,,my route,14500,"14,500円"
jrkyusyu51,大人,,,14300,"大人：14,300円"
jrkyusyu52,大人,,,3900,"大人：3,900円"
jrkyusyu121,大人,,,12000,"大人：12,000円"
jrkyusyu120,大人,,,3500,"大人：3,500円"
jrkyusyu120,小人,,,3500,"小人：3,500円"
jrkyusyu119,大人,,,3700,"大人：3,700円"
jrkyusyu119,小人,,,3700,"小人：3,700円"
jrkyusyu122,大人,,,2000,"大人：2,000円"
jrkyusyu122,小人,,,2000,"小人：2,000円"
jrkyusyu122,大人,,,3000,"大人：3,000円"
jrkyusyu122,小人,,,3000,"小人：3,000円"
jrkyusyu130,大人,,,9990,"大人：9,990円"
jrkyusyu130,小人,,,2990,"小人：2,990円"
jrkyusyu130,大人,,,10990,"大人：10,990円"
jrkyusyu130,小人,,,3990,"小人：3,990円"
jrkyusyu127,大人,,,3600,"大人：3,600円"
jrkyusyu127,大人,,,4950,"大人：4,950円"
jrkyusyu129,大人,,,10000,"大人：10,000円"
jrkyusyu129,小人,,,2000,"小人：2,000円"
jrkyusyu128,大人,,,10000,"大人：10,000円"
jrkyusyu128,小人,,,2000,"小人：2,000円"
jrkyusyu132,大人,,,3500,"大人：3,500円"
jrkyusyu132,小人,,,1500,"小人：1,500円"
jrkyusyu133,大人,,,1000,"大人：1,000円"
jrkyusyu133,小人,,,500,小人：500円
jrkyusyu116,大人,,,2990,"大人：2,990円"
jrkyusyu116,小人,,,1490,"小人：1,490円"
jrkyusyu116,大人,,,3990,"大人：3,990円"
jrkyusyu116,小人,,,1990,"小人：1,990円"
jrkyusyu116,大人,,,3190,"大人：3,190円"
jrkyusyu116,小人,,,1590,"小人：1,590円"
jrkyusyu116,大人,,,4190,"大人：4,190円"
jrkyusyu116,小人,,,2090,"小人：2,090円"
solaseed01,大人,,2日間,7100,"7,100円"
solaseed01,小人,,2日間,3600,"3,600円"
solaseed01,大人,,2日間,6390,"6,390円"
solaseed01,小人,,2日間,3240,"3,240円"
solaseed01,大人,,3日間,8400,"8,400円"
solaseed01,小人,,3日間,4200,"4,200円"
solaseed01,大人,,3日間,7560,"7,560円"
solaseed01,小人,,3日間,3780,"3,780円"
solaseed02,大人,,2日間,9600,"9,600円"
solaseed02,小人,,2日間,4800,"4,800円"
solaseed02,大人,,2日間,8640,"8,640円"
solaseed02,小人,,2日間,4320,"4,320円"
solaseed02,大人,,3日間,10900,"10,900円"
solaseed02,小人,,3日間,5500,"5,500円"
solaseed02,大人,,3日間,9810,"9,810円"
solaseed02,小人,,3日間,4950,"4,950円"
solaseed03,大人,,2日間,10200,"10,200円"
solaseed03,小人,,2日間,5100,"5,100円"
solaseed03,大人,,2日間,9180,"9,180円"
solaseed03,小人,,2日間,4590,"4,590円"
solaseed03,大人,,3日間,11000,"11,000円"
solaseed03,小人,,3日間,5500,"5,500円"
solaseed03,大人,,3日間,9900,"9,900円"
solaseed03,小人,,3日間,4950,"4,950円"
solaseed04,大人,,2日間,12400,"12,400円"
solaseed04,小人,,2日間,6200,"6,200円"
solaseed04,大人,,2日間,11160,"11,160円"
solaseed04,小人,,2日間,5580,"5,580円"
solaseed04,大人,,3日間,13800,"13,800円"
solaseed04,小人,,3日間,6900,"6,900円"
solaseed04,大人,,3日間,12420,"12,420円"
solaseed04,小人,,3日間,6210,"6,210円"
solaseed05,大人,,3日間,36100,"36,100円"
solaseed05,小人,,3日間,18100,"18,100円"
solaseed05,大人,,3日間,32490,"32,490円"
solaseed05,小人,,3日間,16290,"16,290円"
solaseed05,大人,,4日間,37400,"37,400円"
solaseed05,小人,,4日間,18700,"18,700円"
solaseed05,大人,,4日間,33660,"33,660円"
solaseed05,小人,,4日間,16830,"16,830円"
solaseed05,大人,,5日間,38700,"38,700円"
solaseed05,小人,,5日間,19400,"19,400円"
solaseed05,大人,,5日間,34830,"34,830円"
solaseed05,小人,,5日間,17460,"17,460円"
solaseed06,大人,,2日間,3500,"3,500円"
solaseed06,小人,,2日間,1500,"1,500円"
solaseed06,大人,,2日間,3150,"3,150円"
solaseed06,小人,,2日間,1350,"1,350円"
nishitetu81,大人,,,2980,"大人：2,980円"
nishitetu81,小人,,,1490,"小人：1,490円"
nishitetu21,大人,,,820,大人：820円
nishitetu21,小人,,,420,小人：420円
nishitetu84,大人,,,2800,"大人：2,800円"
nishitetu84,小人,,,1400,"小人：1,400円"
kitamono01,大人,,,800,大人：800円
kitamono01,小人,,,400,小人：400円
chikuchiku91,大人,,,1600,"大人：1,600円"
chikuchiku91,小人,,,800,小人：800円
chikutetsu01,大人,,,920,大人：920円
chikutetsu01,小人,,,460,小人：460円
fukuoka01,大人,,,640,大人：640円
fukuoka01,小人,,,320,小人：320円
fukuoka15,,,,1000,"1,000円"
fukuoka16,,,,800,800円
fukuoka94,小人,,,100,小人：100円
tikuho02,大人,,,1500,"大人：1,500円"
tikuho02,小人,,,800,小人：800円
mojiko,大人,,,1000,"大人：1,000円"
mojiko,小人,,,500,小人：500円
tikuho93,大人,,,1000,"大人：1,000円"
amatetu01,大人,,,860,大人：860円
amatetu01,小人,,,430,小人：430円
matuura01,大人,,,2500,"大人：2,500円"
matuura01,小人,,,500,小人：500円
matuura04,大人,,,4000,"大人：4,000円"
matuura04,小人,,,2000,"小人：2,000円"
matuura03,大人,,,1500,"大人：1,500円"
matuura81,大人,,,3000,"大人：3,000円"
matuura82,大人,,,500,大人：500円
sasebo,大人,,,500,大人：500円
sasebo,小人,,,250,小人：250円
matuura83,小人,,,100,小人：100円
nagasaki01,大人,,,600,大人：600円
nagasaki01,小人,,,300,小人：300円
nagasaki02,大人,,,700,大人：700円
nagasaki02,小人,,,350,小人：350円
nagasaki04,大人,,,1000,"大人：1,000円"
nagasaki92,大人,,,1400,"大人：1,400円"
nagasaki92,小人,,,700,小人：700円
nagasaki93,大人,,,840,大人：840円
nagasaki93,小人,,,420,小人：420円
nagasaki91,中学生,,,4680,"中学生：4,680円"
nagasaki91,小人,,,2160,"小人：2,160円"
simabara07,大人,,,3700,"大人：3,700円"
simabara12,,,,1500,"小・中・高生：1,500円"
simabara91,大人,,,3800,"大人：3,800円"
kumamoto01,大人,,,800,大人：800円
kumamoto01,大人,,,1000,"大人：1,000円"
kumamoto01,大人,,,2200,"大人：2,200円"
kumamoto03,大人,,,800,大人：800円
kumamoto03,大人,,,1000,"大人：1,000円"
kumamoto03,大人,,,2200,"大人：2,200円"
kumamoto91,小人,,,1000,"小人：1,000円"
kumamotoshi01,大人,,,700,大人：700円
kumamotoshi01,小人,,,350,小人：350円
kumamotoshi03,大人,,,500,大人：500円
kumamotoshi03,小人,,,250,小人：250円
kumamotoshi02,大人,,,600,大人：600円
kumamotoshi02,小人,,,300,小人：300円
kumaden93,大人,,,900,大人：900円
minamiaso01,大人,,,1200,"大人：1,200円"
minamiaso03,大人,,,1200,"大人：1,200円"
kumagawa95,大人,,,2000,"大人：2,000円"
kumagawa95,小人,,,1000,"小人：1,000円"
kumagawa11,大人,,,1200,"大人：1,200円"
kumagawa11,小人,,,600,小人：600円
kumagawa84,大人,,,900,大人：900円
kumagawa84,小人,,,450,小人：450円
kumagawa93,大人,,,1200,"大人：1,200円"
kumagawa94,大人,,,500,大人：500円
kumagawa94,小人,,,100,小人：100円
orange02,大人,,,3000,"大人：3,000円"
orange02,小人,,,1500,"小人：1,500円"
orange06,大人,,,3000,"大人：3,000円"
orange06,大人,,,7000,"大人：7,000円"
orange03,大人,,,2200,"大人：2,200円"
kagosima01,大人,,,600,大人：600円
kagosima01,小人,,,300,小人：300円
kagosima04,大人,,,800,大人：800円
kagosima04,小人,,,400,小人：400円
kagosima03,大人,,１日券,1300,"1,300円"
kagosima03,小人,,１日券,650,650円
kagosima03,大人,,２日券,1900,"1,900円"
kagosima03,小人,,２日券,950,950円
kagosima05,大人,,,300,大人：300円
kagosima81,大人,,,250,大人：250円
kagosima81,小人,,,120,小人：120円
kagosima02,中学生,,,4200,"中学生：4,200円"
kagosima02,小学生,,,2100,"小学生：2,100円"
yuirail01,大人,,,1000,"大人：1,000円"
yuirail01,小人,,,500,小人：500円
yuirail01,大人,,,1800,"大人：1,800円"
yuirail01,小人,,,900,小人：900円
yuirail02,大人,,,1500,"大人：1,500円"
yuirail02,小人,,,750,小人：750円
yuirail51,大人,,,1000,"大人：1,000円"
yuirail52,大人,,,800,大人 800円
yuirail53,大人,,,1800,"大人：1,800円"
yuirail54,大人,,,600,大人：600円
yuirail55,大人,,,1000,"大人：1,000円"
