ticket_id,ticket_name_ja,ticket_name_zh,name_cov,restriction_cov,operator_conf,flag_name,flag_restriction
18kippu,青春１８きっぷ,青春18车票,1.0,0.776,0.5,False,False
autumn,秋の乗り放題パス,秋の无限乘坐通票,0.875,0.762,0.5,False,False
jreast04,北海道＆東日本パス,北海道&东日本通票,1.0,0.868,1.0,False,False
jreast203,大人の休日倶楽部パス(東日本･北海道),大人假日俱乐部通票(东日本・北海道),1.0,0.82,1.0,False,False
jreast205,大人の休日パス(東日本・北海道スペシャル),大人假日通票(东日本・北海道特别),1.0,0.822,1.0,False,False
jreast201,大人の休日倶楽部パス(東日本),大人假日俱乐部通票(东日本),1.0,0.82,1.0,False,False
jreast221,大人の休日パス(東日本スペシャル),大人假日通票(东日本特别),1.0,0.82,1.0,False,False
jreast24,「旅せよ平日！JR東日本たびキュン 早割パス」,「旅游せよ平日!JR东日本旅游行心动 早鸟优惠通票」,0.923,0.691,1.0,False,False
jreast38,東日本のんびり旅パス,东日本悠闲旅游通票,1.0,0.708,1.0,False,False
jrwest136,WESTERポイント全線フリーきっぷ(全ポイント),WESTER积分全线免费乘车通票(全积分),1.0,0.661,1.0,False,False
jrwest137,WESTERポイント全線フリーきっぷ(一部ポイント),WESTER积分全线免费乘车通票(一部积分),1.0,0.661,1.0,False,False
jrwest138,WESTERポイント山陽新幹線フリーパス,WESTER积分山阳新幹線免费乘车通票,1.0,0.645,1.0,False,False
jrhokkaido01,北海道フリーパス,北海道免费乘车通票,1.0,0.717,1.0,False,False
jrhokkaido11,北海道まんなか のんびり列車パス,北海道中部 悠闲列車通票,1.0,0.923,1.0,False,False
jrhokkaido13,一日散歩きっぷ,一日散步车票,1.0,0.859,1.0,False,False
jrhokkaido22,ラベンダーフリーパス,薰衣草免费乘车通票,1.0,0.817,1.0,False,False
jrhokkaido54,大人の休日倶楽部パス（北海道）,大人假日俱乐部通票(北海道),1.0,0.795,1.0,False,False
jrhokkaido55,大人の休日パス(北海道スペシャル),大人假日通票(北海道特别),1.0,0.808,1.0,False,False
jrhokkaido91,はこだて旅するパスポート,函馆旅游行旅游游护照通票,1.0,1.0,1.0,False,False
jrhokkaido93,Peachひがし北海道フリーパス,乐桃航空东北海道免费乘车通票,1.0,0.831,1.0,False,False
jrhokkaido87,FDAひがし北海道フリーパス,富士梦幻航空东北海道免费乘车通票,1.0,0.831,1.0,False,False
jrhokkaido95,Peachきた北海道フリーパス,乐桃航空北海道北部免费乘车通票,1.0,0.831,1.0,False,False
jrhokkaido86,FDAきた北海道フリーパス,富士梦幻航空北海道北部免费乘车通票,1.0,0.831,1.0,False,False
jrhokkaido88,ANAきた北海道フリーパス,全日空北海道北部免费乘车通票,1.0,0.831,1.0,False,False
jrhokkaido107,網走＆小清水＆知床ぐる旅パスポート,网走&小清水&知床周游旅游游护照通票,1.0,1.0,1.0,False,False
jrhokkaido113,釧網線フリーパス,钏网线免费乘车通票,1.0,1.0,1.0,False,False
jrhokkaido114,地球探索鉄道花咲線フリーパス,地球探索鉄道花咲线免费乘车通票,1.0,1.0,1.0,False,False
jrhokkaido80,かみくるパス,上川周游通票,1.0,1.0,1.0,False,False
jrhokkaido115,北見・網走周遊フリーパス,北见・网走周游免费乘车通票,1.0,1.0,1.0,False,False
jrhokkaido116,遠軽・北見・網走周遊フリーパス,远轻・北见・网走周游免费乘车通票,1.0,1.0,1.0,False,False
sapporo02,地下鉄専用1日乗車券,地铁专用1日乘车券,1.0,1.0,1.0,False,False
sapporo21,ドニチカキップ,DONICHIKA车票,1.0,1.0,1.0,False,False
sapporo24,路面電車1日乗車券,路面电车1日乘车券,1.0,1.0,0.5,False,False
sapporo22,札幌市電24時間乗車券,札幌路面电车24小时乘车券,1.0,1.0,0.5,False,False
sapporo23,どサン子パス,北海道姑娘通票,1.0,1.0,0.5,False,False
hakodate01,市電１日乗車券,路面电车1日乘车券,1.0,1.0,1.0,False,False
hakodate51,スマホ市電１日乗車券,手机路面电车1日乘车券,1.0,1.0,1.0,False,False
hakodate52,スマホ市電２４時間乗車券,手机路面电车24小时乘车券,1.0,1.0,1.0,False,False
hakodate53,スマホ市電・函館バス共通１日乗車券,手机路面电车・函馆巴士通用1日乘车券,1.0,1.0,1.0,False,False
hakodate54,スマホ市電・函館バス共通２日乗車券,手机路面电车・函馆巴士通用2日乘车券,1.0,1.0,1.0,False,False
hakodate92,NighTram TICKET,NighTram TICKET,1.0,0.333,1.0,False,True
isaribi91,いさりび１日きっぷ,渔火1日车票,1.0,1.0,0.9,False,False
isaribi92,いさりび1日カンパス,渔火1日校园,1.0,1.0,0.9,False,False
jreast51,五能線フリーパス,五能線免费乘车通票,1.0,1.0,1.0,False,False
sendaimarugoto,仙台まるごとパス,仙台全域通票,1.0,1.0,1.0,False,False
aizugurutto,会津ぐるっとカード,会津环绕卡,1.0,1.0,1.0,False,False
jreast64-1,津軽フリーパス,津軽免费乘车通票,1.0,1.0,1.0,False,False
jreast34,小さな旅ホリデーパス,小旅游行假日通票,1.0,1.0,1.0,False,False
jreast36,あおもりホリデーパス,青森假日通票,1.0,1.0,1.0,False,False
jreast48,あきたホリデーパス,秋田假日通票,1.0,0.697,1.0,False,False
sendaimarugotowide,仙台まるごとパスワイド,仙台全域通票广域,1.0,1.0,1.0,False,False
tugaru99,コロプラ☆乗り放題1日フリーきっぷ,COLOPL☆无限乘坐1日免费乘车通票,1.0,0.619,0.9,False,False
tugaru91,１日フリーパス,1日免费乘车通票,1.0,0.688,0.9,False,False
tugaru94,９５周年記念イベント参加権付２日間フリーパス,95周年記念活动参加権付2日間免费乘车通票,1.0,1.0,0.9,False,False
tugaru95,開業９５周年記念 津鉄１日フリー切符,開業95周年記念 津鉄1日免费车票,1.0,1.0,0.9,False,False
konan01,大黒様きっぷ,大黒様车票,1.0,1.0,0.9,False,False
aoimori03,青い森ツーリストパス,青森旅游游通票,1.0,0.85,0.9,False,False
aoimori100,Aomori city おでかけフリーパス,Aomori city 出行免费乘车通票,1.0,0.892,0.9,False,False
aoimori02,青い森ワンデーパス,青森一日通票,1.0,0.63,0.9,False,False
igraoimori81,もりもりフリーパス,森森(Morimori)免费乘车通票,1.0,0.9,0.9,False,False
aoimori92,メハチパス,Mehachi通票,1.0,1.0,0.9,False,False
aoimori94,ツーデーパス,二日通票,1.0,0.667,0.9,False,False
aoimori101,Aomori city おでかけフリーパス（コラボデザイン版）,Aomori city 出行免费乘车通票(联名デザイン版),0.862,0.824,0.9,False,False
aoimori102,青い森ワンデーパス（コラボデザイン版）,青森一日通票(联名デザイン版),0.733,0.63,0.9,True,False
akitajukan01,秋田内陸ワンデーパス,秋田内陸一日通票,1.0,1.0,0.9,False,False
akitajukan02,秋田内陸ツーデーパス,秋田内陸二日通票,1.0,1.0,0.9,False,False
akitajukan03,バースデー1日乗り放題きっぷ,生日1日无限乘坐车票,1.0,0.629,0.9,False,False
akitajukan94,丙午一日満喫きっぷ,丙午一日満喫车票,1.0,0.855,0.9,False,False
akitajukan92,コロプラフリーきっぷ,COLOPL免费乘车通票,1.0,1.0,0.9,False,False
yurikogen02,沿線満喫(おもちゃ)切符,沿線満喫(玩具)车票,1.0,0.583,0.9,False,True
yurikogen01,楽楽遊遊乗車券,楽楽遊遊乘车券,1.0,1.0,0.9,False,False
igr93,IGRホリデーフリーきっぷ,IGR假日免费乘车通票,1.0,1.0,0.9,False,False
igr97,ＩＧＲでＧＯ！でたとこきっぷ,IGRでGO!到达车票,0.909,0.579,0.9,False,True
igr98,金田一温泉湯めぐりきっぷ,金田一温泉湯巡游车票,1.0,1.0,0.9,False,False
sanriku11,リアス線全線フリー乗車券,谷湾線全线免费乘车券,1.0,1.0,0.9,False,False
sanriku25,岩泉龍泉洞１日フリーきっぷ,岩泉龍泉洞1日免费乘车通票,1.0,0.771,0.9,False,False
sanriku12,１日フリー乗車券(盛〜釜石間用),1日免费乘车券(盛〜釜石間用),1.0,1.0,0.9,False,False
sanriku13,１日フリー乗車券(釜石〜宮古間用),1日免费乘车券(釜石〜宮古間用),1.0,1.0,0.9,False,False
sanriku14,１日フリー乗車券(宮古〜久慈間用),1日免费乘车券(宮古〜久慈間用),1.0,1.0,0.9,False,False
sanriku22,中高生1日フリー乗車券(盛〜釜石間用),中高生1日免费乘车券(盛〜釜石間用),1.0,0.92,0.9,False,False
sanriku23,中高生1日フリー乗車券(釜石〜宮古間用),中高生1日免费乘车券(釜石〜宮古間用),1.0,0.92,0.9,False,False
sanriku86,三鉄ワンコインフリーパス,三鉄一枚硬币价免费乘车通票,1.0,1.0,0.9,False,False
sanriku84,やませジョイフルよ市きっぷ,山风欢乐夜市车票,1.0,0.7,0.9,False,False
sanriku85,400円きっぷ,400円车票,1.0,1.0,0.9,False,False
flower02,もっちぃ親子・孫乗り放題きっぷ,萌奇(Mocchi)親子・孫无限乘坐车票,1.0,0.731,0.9,False,False
flower01,土休日フリーきっぷ,周六日免费乘车通票,1.0,1.0,0.9,False,False
sendai01,地下鉄一日乗車券,地铁一日乘车券,1.0,1.0,1.0,False,False
sendai03,るーぷる仙台・地下鉄共通一日乗車券,环游(Loop)仙台・地铁通用一日乘车券,1.0,0.75,1.0,False,False
sendai92,Pokemon GO Fest 2024:仙台 地下鉄24時間券・地下鉄36時間券,Pokemon GO Fest 2024:仙台 地铁24小时券・地铁36時間券,1.0,1.0,1.0,False,False
sendai93,東北絆まつり2024仙台 地下鉄24時間券・地下鉄36時間券,东北絆祭典2024仙台 地铁24小时券・地铁36時間券,1.0,1.0,1.0,False,False
abukyu12,飯坂温泉日帰りきっぷ,飯坂温泉日帰り车票,0.889,1.0,0.5,False,False
abukyu01,「阿武急の日」フリー乗車券,「阿武急の日」免费乘车券,0.917,1.0,0.5,False,False
abukyu05,あぶ急トクだねきっぷ,阿武急划算车票,1.0,1.0,0.5,False,False
abukyu102,学割乗車券,学割乘车券,1.0,1.0,0.5,False,False
abukyu85,初恋＊れ〜るとりっぷ フリー乗車券,初恋*铁路旅游行 免费乘车券,1.0,1.0,0.5,False,False
abukyu84,イベントフリー切符,活动免费车票,1.0,1.0,0.5,False,False
abukyu101,ポケモン天文台 1DAY PASS,宝可梦天文台 1DAY PASS,1.0,1.0,0.5,False,False
abukyu92,櫻めぐり切符,櫻巡游车票,1.0,1.0,0.5,False,False
abukyu87,伊達のふる里夏まつりおトクきっぷ,伊達の故乡夏祭典おトク车票,0.692,1.0,0.5,True,False
abukyu97,シニア割ワンコインきっぷ,银发割一枚硬币价车票,1.0,1.0,0.5,False,False
fukusima03,いい電1日フリーきっぷ,好电1日免费乘车通票,1.0,0.8,0.5,False,False
fukusima01,飯坂温泉湯ったり切符,飯坂温泉泡汤车票,1.0,1.0,0.5,False,False
fukusima02,花ももフリーきっぷ,花桃免费乘车通票,1.0,0.818,0.5,False,False
fukusima93,いい電コロプラ1日フリー切符,好电COLOPL1日免费车票,1.0,1.0,0.5,False,False
aizu01,会津・日光フリーきっぷ(若松エリア),会津・日光免费乘车通票(若松区域),1.0,1.0,0.9,False,False
aizu02,会津・日光フリーきっぷ(南会津エリア),会津・日光免费乘车通票(南会津区域),1.0,1.0,0.9,False,False
aizu96,いい夫婦の日フリーきっぷ,好夫妻の日免费乘车通票,0.909,0.875,0.9,False,False
aizu91,コロプラ☆乗り放題キップ,COLOPL☆无限乘坐车票,1.0,0.697,0.9,False,False
jreast17,都区内パス,都区内通票,1.0,1.0,1.0,False,False
tokyo01,東京フリーきっぷ,东京免费乘车通票,1.0,0.636,1.0,False,False
jreast18,ヨコハマ・みなとみらいパス,横滨・港未来通票,1.0,1.0,1.0,False,False
jreast071,ぐんまワンデーローカルパス,群马一日地方通票,1.0,0.526,1.0,False,True
jreast10,休日おでかけパス,假日出行通票,1.0,0.562,1.0,False,True
jreast12,のんびりホリデーSuicaパス,悠闲假日Suica通票,1.0,0.621,1.0,False,False
jreast37,モノレール＆都区内パス,单轨电车&都区内通票,1.0,0.455,1.0,False,True
jreast45,ときわ路パス,常盘路通票,1.0,0.641,1.0,False,False
jreast46,サンキュー ちばフリーパス,谢恩 千叶免费乘车通票,1.0,0.705,1.0,False,False
jreast13,ひみつの平日パス,秘密の平日通票,0.857,0.562,1.0,False,True
yagan01,会津鬼怒川線史跡めぐり往復割引きっぷ,会津鬼怒川線史跡巡游往返优惠车票,1.0,1.0,0.9,False,False
yagan11,野岩鉄道会津鬼怒川線全線フリーきっぷ,野岩鉄道会津鬼怒川線全线免费乘车通票,1.0,1.0,0.9,False,False
yagan12,野岩・会津全線フリーきっぷ,野岩・会津全线免费乘车通票,1.0,1.0,0.9,False,False
yagan13,塩原温泉・野岩鉄道満喫切符,塩原温泉・野岩鉄道満喫车票,1.0,1.0,0.9,False,False
kantetu02,常総線・真岡鉄道共通一日自由きっぷ,常総線・真岡鉄道通用一日自由车票,1.0,0.64,0.5,False,False
mooka92,益子陶器市フリー切符,益子陶器市免费车票,1.0,0.765,0.5,False,False
utsunomiya01,ライトライン一日乗車券,轻轨线一日乘车券,1.0,1.0,0.5,False,False
watarase01,一日フリーきっぷ,一日免费乘车通票,1.0,1.0,0.9,False,False
watarase91,コロプラ一日フリーきっぷ,COLOPL一日免费乘车通票,1.0,1.0,0.9,False,False
jomou02,赤城南麓１日フリー切符,赤城南麓1日免费车票,1.0,1.0,0.9,False,False
jomou03,運転免許返納者割引ワンデーフリーパス,運転免許返納者优惠一日免费乘车通票,1.0,1.0,0.9,False,False
jomou98,上毛電気鉄道×前橋ウィッチーズ 赤城南麓1日フリー切符,上毛電気鉄道×前橋女巫 赤城南麓1日免费车票,1.0,1.0,0.9,False,False
jomou91,早春桜花切符,早春桜花车票,1.0,1.0,0.9,False,False
jomou01,鉄道の日＆群馬県民の日記念ワンデーフリー切符,鉄道の日&群马県民の日記念一日免费车票,0.895,1.0,0.9,False,False
joshin11,1日全線フリー乗車券,1日全线免费乘车券,1.0,1.0,0.9,False,False
joshin12,上野三碑巡り記念乗車券,上野三碑巡り記念乘车券,0.909,1.0,0.9,False,False
joshin94,群馬県民の日・鉄道記念日1日全線フリー乗車券,群马県民の日・鉄道記念日1日全线免费乘车券,0.952,1.0,0.9,False,False
joshin93,寿・ワンコイン1日フリー乗車券,寿・一枚硬币价1日免费乘车券,1.0,1.0,0.9,False,False
joshin98,上信電鉄 高校生世代限定お得きっぷ,上信電鉄 高校生世代限定优惠车票,1.0,1.0,0.9,False,False
joshin99,上信電鉄 複数人お得きっぷ,上信電鉄 複数人优惠车票,1.0,1.0,0.9,False,False
minatosen11,湊線１日フリーきっぷ,凑线1日免费乘车通票,1.0,1.0,0.9,False,False
minatosen13,1日フリー乗車券,1日免费乘车券,1.0,1.0,0.9,False,False
minatosen02,ひたち海浜公園入園券付き湊線１日フリー切符,日立海滨公园入園券付き凑线1日免费车票,0.947,1.0,0.9,False,False
minatosen03,湊線応援券付き湊線１日フリー切符,凑线应援券付き凑线1日免费车票,0.933,1.0,0.9,False,False
minatosen92,殿山ゆいかデビュー４周年記念乗車券,殿山由衣出道4周年記念乘车券,1.0,1.0,0.9,False,False
minatosen91,コロプラ1日フリー乗車券,COLOPL1日免费乘车券,1.0,1.0,0.9,False,False
kantetu94,竜鉄コロッケ★フリーきっぷ,龙铁炸肉饼★免费乘车通票,1.0,1.0,0.9,False,False
kantetu01,常総線１日フリーきっぷ,常総線1日免费乘车通票,1.0,1.0,0.9,False,False
tukuba91,ＴＸ！１日乗り放題きっぷ,TX!1日无限乘坐车票,1.0,1.0,0.9,False,False
tukuba92,埼玉県民の日フリー乗車券,埼玉県民の日免费乘车券,0.909,1.0,0.9,False,False
ryutetsu,流鉄流山線一日フリー乗車券,流鉄流山線一日免费乘车券,1.0,1.0,0.5,False,False
maihama01,１日フリーきっぷ,1日免费乘车通票,1.0,1.0,0.5,False,False
hokusou91,北総線1日乗車券,北総線1日乘车券,1.0,1.0,1.0,False,False
hokusou95,北総・下町めぐりきっぷ,北総・下町巡游车票,1.0,1.0,1.0,False,False
toyo81,春の土休日1日乗車券,春の周六日1日乘车券,0.9,1.0,1.0,False,False
toyo95,夏の土休日1日乗車券,夏の周六日1日乘车券,0.9,0.889,1.0,False,False
toyo92,年末年始の土休日1日乗車券,年末年始の周六日1日乘车券,0.923,1.0,1.0,False,False
toyo96,東葉車両基地まつり1日乗車券,東葉車両基地祭典1日乘车券,1.0,1.0,1.0,False,False
toyo83,東葉高速線 開業30周年記念1日乗車券,東葉高速線 開業30周年記念1日乘车券,1.0,1.0,1.0,False,False
yamaman01,１日乗車券,1日乘车券,1.0,1.0,0.5,False,False
tyoshi01,弧廻手形,弧廻手形,1.0,0.966,0.9,False,False
tyoshi93,銚子1日旅人パス,銚子1日旅游人通票,1.0,0.966,0.9,False,False
tyoshi04,ちょうしいいライド！パス,铫子好骑行!通票,1.0,1.0,0.9,False,False
tyoshi05,犬吠崖っぷちライン1日乗車券,犬吠崖线ライン1日乘车券,0.75,1.0,0.9,True,False
tyoshi11,デジタル1日乗車券 Beica,电子1日乘车券 Beica,1.0,1.0,0.9,False,False
tyoshi91,元旦限定弧廻手形,元旦限定弧廻手形,1.0,1.0,0.9,False,False
isumi01,いすみ鉄道一日フリー乗車券(平日用),夷隅铁道一日免费乘车券(平日用),1.0,0.75,0.9,False,False
isumi02,いすみ鉄道一日フリー乗車券(土休日用),夷隅铁道一日免费乘车券(周六日用),1.0,0.8,0.9,False,False
isumi06,ないすみーとゅー iSumica,Naisumītyū iSumica,1.0,0.75,0.9,False,False
kominato01,1日フリーきっぷ,1日免费乘车通票,1.0,1.0,0.9,False,False
kominato02,上総鶴舞・高滝周遊乗車券,上総鶴舞・高滝周游乘车券,1.0,1.0,0.9,False,False
kominato03,里山フリーきっぷ,里山免费乘车通票,1.0,0.75,0.9,False,False
kominato82,なつやすみファミリーきっぷ,暑假家庭车票,1.0,1.0,0.9,False,False
chiba01,ホリデーフリーきっぷ,假日免费乘车通票,1.0,1.0,0.9,False,False
chiba04,2-Dayフリーきっぷ,2-Day免费乘车通票,1.0,1.0,0.9,False,False
chiba02,お昼のお出かけフリーきっぷ,午后の出行免费乘车通票,0.909,1.0,0.9,False,False
tobu96,東武鉄道×秩父鉄道SAITAMAプラチナルート乗車券,东武鉄道×秩父鉄道埼玉白金路线乘车券,1.0,1.0,0.9,False,False
titibu03,秩父路遊々フリーきっぷ,秩父路遊々免费乘车通票,1.0,0.621,0.9,False,False
titibu98,長瀞・秩父GO！GO！フリーきっぷ,長瀞・秩父GO!GO!免费乘车通票,1.0,0.738,0.9,False,False
saitama_titibu,埼玉県民の日フリー乗車券,埼玉県民の日免费乘车券,0.909,0.818,0.9,False,False
srail92,ＳＲ一日乗車券,SR一日乘车券,1.0,1.0,1.0,False,False
srail83,こども50円きっぷ,儿童50円车票,1.0,1.0,1.0,False,False
srail85,ゴールデンウィーク スーパーバリューパス,黄金周 超级超值通票,1.0,1.0,1.0,False,False
srail94,たたら祭りハッピーきっぷ,踏鞴祭快乐车票,1.0,1.0,1.0,False,False
srail93,2025鉄道の日記念乗車券,2025鉄道の日記念乘车券,0.923,1.0,1.0,False,False
srail87,サンクス25グランプリきっぷ,感谢25大奖赛车票,1.0,1.0,1.0,False,False
saitama_kosoku,埼玉県民の日フリー乗車券,埼玉県民の日免费乘车券,0.909,1.0,1.0,False,False
srail91,ゆく年くる年 冬休みスーパーバリューパス,辞旧迎新 寒假超级超值通票,1.0,1.0,1.0,False,False
saitama50,ニューシャトル １日フリー乗車券,New Shuttle 1日免费乘车券,1.0,1.0,0.5,False,False
saitama51,伊奈バラまつりフリーきっぷ,伊奈玫瑰祭典免费乘车通票,1.0,1.0,0.5,False,False
saitama91,けんかつブルワリーフェスタフリーきっぷ,县割啤酒厂庆典免费乘车通票,1.0,1.0,0.5,False,False
saitama93,『ありがとう、さようなら1050系』ニューシャトル1日フリー乗車券,『ありがとう、さようなら1050系』New Shuttle1日免费乘车券,0.722,1.0,0.5,True,False
saitama_sinkotsu,埼玉県民の日記念ニューシャトル1日フリー乗車券,埼玉県民の日記念New Shuttle1日免费乘车券,0.962,1.0,0.5,False,False
keisei03,下町日和きっぷ,下町日和车票,1.0,1.0,0.9,False,False
keisei81,京成線ワンデーパス,京成線一日通票,1.0,0.926,0.9,False,False
keisei83,ナゾ解きした町電車旅2024 １日乗車券,解谜解きした町電車旅游2024 1日乘车券,0.857,0.652,0.9,False,False
tobu02,東京スカイツリー周辺散策フリーきっぷ,东京天空树周边散步免费乘车通票,1.0,1.0,1.0,False,False
tobu03,台東・墨田 東京下町周遊きっぷ,台東・墨田 东京下町周游车票,1.0,1.0,1.0,False,False
tobu94,日光・鬼怒川エリア鉄道乗り放題きっぷ,日光・鬼怒川区域鉄道无限乘坐车票,1.0,1.0,1.0,False,False
tobu04,日光・大内宿フリーきっぷ,日光・大内宿免费乘车通票,1.0,1.0,1.0,False,False
saitama_tobu,埼玉県民の日フリー乗車券,埼玉県民の日免费乘车券,0.909,1.0,1.0,False,False
tobu91,東上線１日フリーきっぷ,東上線1日免费乘车通票,1.0,1.0,1.0,False,False
tobu05,東武本線乗り放題デジタルきっぷ,东武本線无限乘坐电子车票,1.0,1.0,1.0,False,False
tobu62,リアル桃鉄でガチ沿線めぐり 東武 vs 近鉄 新幹線で東西制覇！(スカイツリーラインエリア)フリーきっぷ,真实桃铁认真沿線巡游 东武 vs 近铁 新幹線で東西制覇!(天空树线区域)免费乘车通票,0.977,1.0,1.0,False,False
tobu63,リアル桃鉄でガチ沿線めぐり 東武 vs 近鉄 新幹線で東西制覇！(東上線エリア)フリーきっぷ,真实桃铁认真沿線巡游 东武 vs 近铁 新幹線で東西制覇!(東上線区域)免费乘车通票,0.976,1.0,1.0,False,False
tobu64,リアル桃鉄でガチ沿線めぐり 東武 vs 近鉄 新幹線で東西制覇！(アーバンパークラインエリア)フリーきっぷ,真实桃铁认真沿線巡游 东武 vs 近铁 新幹線で東西制覇!(都市公园线区域)免费乘车通票,0.977,1.0,1.0,False,False
tobu95,東武宇都宮線1日フリー乗車券,东武宇都宮線1日免费乘车券,1.0,1.0,1.0,False,False
seibu11,ムーミンバレーパークおでかけパス,姆明山谷公园出行通票,1.0,1.0,1.0,False,False
seibu13,メッツァ・ハイパーミュージアムおでかけパス,Metsa超博物馆出行通票,1.0,1.0,1.0,False,False
seibu14,西武園ゆうえんちトクトクパス,西武园游乐园超值通票,1.0,1.0,1.0,False,False
seibu120,はんのう満喫！ムーミンバレーパークおでかけパス,饭能畅游!姆明山谷公园出行通票,1.0,1.0,1.0,False,False
seibu117,「ラブライブ！蓮ノ空女学院スクールアイドルクラブ×西武鉄道 記念キャンペーン」 西武線１日フリーきっぷ,「LoveLive!莲之空女学院校园偶像クラブ×西武鉄道 纪念活动」 西武线1日免费乘车通票,0.935,1.0,1.0,False,False
seibu118,アニメ『魔入りました！入間くん』×西武鉄道 おトクにおでかけきっぷ,动画『入魔了!入间くん』×西武鉄道 优惠出行车票,0.917,1.0,1.0,False,False
seibu119,秩父 夏のおでかけきっぷ,秩父 夏の出行车票,0.889,1.0,1.0,False,False
seibu122,西武園ゆうえんち 夏満喫トクトクパス,西武园游乐园 夏満喫超值通票,1.0,1.0,1.0,False,False
seibu121,西武園ゆうえんち プールトクトクパス,西武园游乐园 プール超值通票,0.857,1.0,1.0,False,False
seibu123,栗山巧 Legend History 1DayPass 第一弾「デビューの奇跡」,栗山巧 Legend History 1DayPass 第一弾「出道の奇跡」,0.974,1.0,1.0,False,False
seibu124,栗山巧 Legend History 1DayPass 第二弾「キャプテンの証」,栗山巧 Legend History 1DayPass 第二弾「キャプテンの証」,0.85,1.0,1.0,False,False
seibu125,サステナ車両7000系デビュー記念乗車券,Sustena車両7000系出道記念乘车券,1.0,1.0,1.0,False,False
seibu97,奥むさし駅伝応援きっぷ,奥武藏驿传应援车票,1.0,1.0,1.0,False,False
seibu106,西武鉄道・バス おトクにおでかけきっぷ,西武铁道·巴士 优惠出行车票,1.0,0.666,1.0,False,False
seibu107,おいでよ！秩父・横瀬きっぷ,快来!秩父・横濑车票,1.0,1.0,1.0,False,False
seibu108,とこっと周遊きっぷ,处处周游车票,1.0,1.0,1.0,False,False
seibu113,スパルタンレースきっぷ,斯巴达竞速车票,1.0,1.0,1.0,False,False
seibu105,LIONS THANKS FESTA 2025 記念乗車券,LIONS THANKS FESTA 2025 記念乘车券,1.0,1.0,1.0,False,False
saitama_seibu,埼玉県民の日フリー乗車券,埼玉県民の日免费乘车券,0.909,1.0,1.0,False,False
metro02,東京メトロ24時間券,东京地铁24小时券,1.0,1.0,0.5,False,False
tokyo02,都営地下鉄・東京メトロ共通一日乗車券,都营地铁・东京地铁通用一日乘车券,1.0,0.471,0.5,False,True
metro109,『オルセー美術館所蔵 印象派―室内をめぐる物語』開催記念 東京メトロオリジナル24時間券,『オルセー美術館所蔵 印象派―室内をめぐる物語』举办纪念 东京地铁原创24小时券,0.825,1.0,0.5,True,False
metro110,ＴＶアニメ「正反対な君と僕」放送記念 東京メトロオリジナル24時間券,TV动画「正反対な君と僕」放送記念 东京地铁原创24小时券,0.931,1.0,0.5,False,False
metro111,OVERWATCH×HELLO KITTY AND FRIENDS 東京メトロオリジナル24時間券,OVERWATCH×HELLO KITTY AND FRIENDS 东京地铁原创24小时券,1.0,1.0,0.5,False,False
toei03,都営まるごときっぷ,都营全域车票,1.0,0.471,1.0,False,True
toei02,都電一日乗車券/都電IC一日乗車券,都電一日乘车券/都電IC一日乘车券,1.0,1.0,1.0,False,False
toei23,都営地下鉄ワンデーパス,都营地铁一日通票,1.0,0.467,1.0,False,True
toei92,ポケモン×工芸展－美とわざの大発見－都営まるごときっぷ,宝可梦×工艺展-美与技の大发现-都营全域车票,0.955,0.471,1.0,False,True
tokyu01,世田谷線散策きっぷ,世田谷線散策车票,1.0,1.0,1.0,False,False
tokyu02,東急線トライアングルパス,东急線三角通票,1.0,1.0,1.0,False,False
tokyu03,横浜中華街旅グルメきっぷ,横滨中华街旅游美食车票,1.0,1.0,1.0,False,False
tokyu91,東急線ワンデーパス,东急線一日通票,1.0,1.0,1.0,False,False
tokyu95,東急線・東急バス 一日乗り放題パス,东急線・东急巴士 一日无限乘坐通票,1.0,0.655,1.0,False,False
tokyu05,東急線みなとみらい線ワンデーパス,东急線港未来線一日通票,1.0,0.802,1.0,False,False
tokyu07,池上線・東急多摩川線ワンデーパス,池上線・东急多摩川線一日通票,1.0,1.0,1.0,False,False
sotetsutokyu01,相鉄・東急 共通1日乗車券,相铁・东急 通用1日乘车券,1.0,0.802,1.0,False,False
tokyu92,東急線キッズパス,东急線儿童通票,1.0,1.0,1.0,False,False
tokyu81,東急線・東京メトロ共通１日乗車券,东急線・东京地铁通用1日乘车券,1.0,0.802,1.0,False,False
tokyu82,東急線・都営地下鉄・東京メトロ共通１日乗車券,东急線・都营地铁・东京地铁通用1日乘车券,1.0,0.802,1.0,False,False
keikyu01,横浜1DAYきっぷ,横滨1DAY车票,1.0,0.812,1.0,False,False
keikyu03,東京1DAYきっぷ,东京1DAY车票,1.0,0.632,1.0,False,False
keikyu02,三浦半島1DAYきっぷ,三浦半島1DAY车票,1.0,1.0,1.0,False,False
keikyu08,三浦半島まるごときっぷ,三浦半島全域车票,1.0,0.585,1.0,False,True
keikyu04,よこすか満喫きっぷ,横须贺満喫车票,1.0,1.0,1.0,False,False
keikyu11,京急全線1日フリーパス,京滨急行全线1日免费乘车通票,1.0,0.807,1.0,False,False
keikyu12,京急線・京急バス1日フリーパス,京滨急行線・京滨急行巴士1日免费乘车通票,1.0,0.807,1.0,False,False
keikyu13,東京周遊パス,东京周游通票,1.0,0.807,1.0,False,False
odakyu11,丹沢・大山フリーパス,丹沢・大山免费乘车通票,1.0,1.0,1.0,False,False
keio02,京王線・井の頭線一日乗車券,京王线・井之头线一日乘车券,1.0,1.0,1.0,False,False
keio01,京王アミューズメントパスポート,京王游艺旅游游护照通票,1.0,1.0,1.0,False,False
keio03,いのかしら おでかけきっぷ,井之头 出行车票,1.0,1.0,1.0,False,False
keio103,「京王電鉄×PERSONA30th ANNIVERSARY 京王線・井の頭線一日乗車券,「京王電鉄×PERSONA30th ANNIVERSARY 京王线・井之头线一日乘车券,1.0,1.0,1.0,False,False
keio105,『銀魂』春のぶらり旅〜どうせ暇だろ、コノヤロー。〜×京王電鉄 京王線・井の頭線一日乗車券,『银魂』春の闲逛之旅游〜反正有空だろ、你这家伙。〜×京王電鉄 京王线・井之头线一日乘车券,0.932,1.0,1.0,False,False
keio107,銀河特急 ミルキー☆サブウェイ×京王電鉄 京王線・井の頭線一日乗車券,银河特急 Milky☆Subway×京王電鉄 京王线・井之头线一日乘车券,1.0,1.0,1.0,False,False
yurikamome03,ゆりかもめ24時間券,百合鸥24小时券,1.0,1.0,1.0,False,False
yurikamome11,【ゆりかもめEnjoy Pass】ゆりかもめ一日乗車券,【百合鸥Enjoy Pass】百合鸥一日乘车券,1.0,1.0,1.0,False,False
yurikamome12,【ゆりかもめEnjoy Pass】ゆりかもめ24時間券,【百合鸥Enjoy Pass】百合鸥24小时券,1.0,1.0,1.0,False,False
yurikamome13,【ゆりかもめEnjoy Pass】ゆりかもめ一日乗車券＋Tokyo Subway Ticket（24時間券）,【百合鸥Enjoy Pass】百合鸥一日乘车券+Tokyo Subway Ticket(24小时券),1.0,1.0,1.0,False,False
yurikamome95,コミックマーケット版【ゆりかもめEnjoy Pass】ゆりかもめ一日乗車券,Comic Market版【百合鸥Enjoy Pass】百合鸥一日乘车券,1.0,1.0,1.0,False,False
rinkai01,りんかい線１日乗車券,临海线1日乘车券,1.0,1.0,0.9,False,False
rinkai91,コミックマーケット108 記念1日乗車券,Comic Market108 記念1日乘车券,1.0,1.0,0.9,False,False
rinkai92,ジブリの立体造型物展 1日乗車券,吉卜力の立体造型物展 1日乘车券,0.938,1.0,0.9,False,False
monorail01,東京モノレール沿線お散歩1dayパス,东京单轨电车沿線お散步1day通票,0.941,1.0,1.0,False,False
tama01,一日乗車券,一日乘车券,1.0,1.0,0.9,False,False
tama02,多摩モノレールセット券,多摩单轨电车套装券,1.0,0.706,0.9,False,False
tama92,たまモノこどもワンデーパス,玉物儿童一日通票,1.0,1.0,0.9,False,False
yokohama11,地下鉄１日乗車券,地铁1日乘车券,1.0,1.0,1.0,False,False
yokohama12,バス・地下鉄１日乗車券,巴士・地铁1日乘车券,1.0,1.0,1.0,False,False
yokohama06,みなとぶらりチケット,みなと闲逛票,0.5,1.0,1.0,True,False
yokohama07,みなとぶらりチケットワイド,みなと闲逛票广域,0.625,1.0,1.0,True,False
yokohama92,横浜春節祭2026デザインみなとぶらりチケット,横滨春節祭2026デザインみなと闲逛票,0.632,1.0,1.0,True,False
yokohama105,横浜マラソン2025特別デザインみなとぶらりチケットワイド,横滨马拉松2025特別デザインみなと闲逛票广域,0.696,1.0,1.0,True,False
sotetsu01,相鉄・鉄道全線１日乗車券,相铁・鉄道全线1日乘车券,1.0,1.0,1.0,False,False
sotetsu81,相鉄 夏のワンデーパス(鉄道・バス全線),相铁 夏の一日通票(鉄道・巴士全线),0.944,1.0,1.0,False,False
mm01,みなとみらい線一日乗車券,港未来線一日乘车券,1.0,1.0,0.9,False,False
seaside01,全線１日乗車券,全线1日乘车券,1.0,1.0,0.5,False,False
seaside94,夏のお出かけこども１日乗車券,夏の出行儿童1日乘车券,0.909,1.0,0.5,False,False
syonan01,湘南モノレール一日フリーきっぷ,湘南单轨电车一日免费乘车通票,1.0,1.0,0.9,False,False
syonan02,モノレールdeえのすい,单轨电车deえのすい,0.6,1.0,0.9,True,False
enoden01,江ノ電１日乗車券(のりおりくん),江ノ電1日乘车券(のりおりくん),0.562,1.0,0.9,True,False
enoden03,江ノ電１日乗車券(のりおりくん)＆新江ノ島水族館セット,江ノ電1日乘车券(のりおりくん)&新江ノ島水族館套装,0.692,0.375,0.9,True,True
kamakura,鎌倉フリー環境手形,镰仓免费環境手形,1.0,1.0,0.9,False,False
enoden82,ジモ得平日きっぷ,ジモ划算平日车票,0.75,0.8,0.9,True,False
hakone01,箱根フリーパス,箱根免费乘车通票,1.0,1.0,0.5,False,False
hakone14,箱根フリーパス「はこチケ」プラス,箱根免费乘车通票「はこチケ」プラス,0.588,1.0,0.5,True,False
hakone15,箱根のりものパス Lite,箱根のりもの通票 Lite,0.692,0.832,0.5,True,False
hakone11,大涌谷きっぷ,大涌谷车票,1.0,1.0,0.5,False,False
hakone13,のんびりきっぷ,悠闲车票,1.0,1.0,0.5,False,False
daiyuzan01,金太郎きっぷ,金太郎车票,1.0,1.0,0.9,False,False
daiyuzan91,コロプラ☆大雄山線一日フリーきっぷ,COLOPL☆大雄山線一日免费乘车通票,1.0,1.0,0.9,False,False
jrtokai06,富士山満喫きっぷ(静岡中部),富士山満喫车票(静冈中部),1.0,0.72,1.0,False,False
jrtokai07,富士山満喫きっぷ(静岡東部),富士山満喫车票(静冈東部),1.0,0.72,1.0,False,False
jrtokai87,名古屋おでかけきっぷ,名古屋出行车票,1.0,0.691,1.0,False,False
jrtokai83,ふじのくに家康公きっぷ【東部エリア】,富士之国家康公车票【東部区域】,1.0,0.707,1.0,False,False
jrtokai84,ふじのくに家康公きっぷ【中部エリア】,富士之国家康公车票【中部区域】,1.0,0.707,1.0,False,False
jrtokai85,ふじのくに家康公きっぷ【西部エリア】,富士之国家康公车票【西部区域】,1.0,0.657,1.0,False,False
jrtokai01,青空フリーパス,青空免费乘车通票,1.0,0.801,1.0,False,False
jrtokai03,休日乗り放題きっぷ,假日无限乘坐车票,1.0,0.693,1.0,False,False
jrtokai08,ＪＲ東海＆17 私鉄 乗り鉄☆たびきっぷ,JR东海&17 私鉄 乗り鉄☆旅游行车票,0.95,0.691,1.0,False,False
jrtokai09,立山黒部アルペンフリーきっぷ,立山黑部アルペン免费乘车通票,0.714,0.725,1.0,True,False
jrtokai89,ＪＲ東海☆春の乗り放題きっぷ,JR东海☆春の无限乘坐车票,0.923,0.768,1.0,False,False
jrtokai88,ＪＲ東海☆冬の乗り放題きっぷ,JR东海☆冬の无限乘坐车票,0.923,0.768,1.0,False,False
izukyu51,伊豆満喫フリーきっぷ,伊豆満喫免费乘车通票,1.0,0.812,0.5,False,False
izukyu52,河津桜パーク＆トレインフリーきっぷ,河津桜パーク&トレイン免费乘车通票,0.647,0.916,0.5,True,False
izukyu53,金目きっぷ,金目车票,1.0,1.0,0.5,False,False
izukyu54,温泉むすめ×金目きっぷ,温泉むすめ×金目车票,0.7,0.833,0.5,True,False
izukyu101,伊東・熱川フリーパス,伊東・熱川免费乘车通票,1.0,1.0,0.5,False,False
sunzu01,駿豆線一日乗り放題乗車券・旅助け,駿豆線一日无限乘坐乘车券・旅游助け,0.941,1.0,0.9,False,False
sunzu91,コロプラ☆駿豆線一日フリーきっぷ,COLOPL☆駿豆線一日免费乘车通票,1.0,1.0,0.9,False,False
sunzu85,駿豆線１日乗り放題乗車券 Aqours旅助け,駿豆線1日无限乘坐乘车券 Aqours旅游助け,0.957,1.0,0.9,False,False
fujikyu91,富士急特急フリーきっぷ,富士急特急免费乘车通票,1.0,0.76,0.9,False,False
fujikyu11,富士山・富士五湖パスポート(富士急電車セット),富士山・富士五湖旅游游护照通票(富士急電車套装),1.0,0.562,0.9,False,True
fujikyu12,富士山・富士五湖パスポート,富士山・富士五湖旅游游护照通票,1.0,0.562,0.9,False,True
fujikyu13,富士吉田お出かけフリーきっぷ,富士吉田出行免费乘车通票,1.0,1.0,0.9,False,False
fujikyu14,富士山まるごときっぷ,富士山全域车票,1.0,1.0,0.9,False,False
fujikyu71,富士急行線夏休み子ども1日フリーきっぷ,富士急行線夏休み子ども1日免费乘车通票,0.842,1.0,0.9,True,False
gakunan11,１日フリー乗車券,1日免费乘车券,1.0,1.0,0.9,False,False
gakunan02,春・夏・冬休みこどもフリーパス,春・夏・寒假儿童免费乘车通票,1.0,1.0,0.9,False,False
gakunan93,干支一日フリー乗車券,干支一日免费乘车券,1.0,1.0,0.9,False,False
gakunan100,岳鉄ダルマ 全線一日フリー乗車券,岳鉄ダルマ 全线一日免费乘车券,0.8,1.0,0.9,True,False
gakunan101,幸運の末広がり8並び入場券＆全線1日フリー乗車券,幸運の末広がり8並び入场券&全线1日免费乘车券,0.826,1.0,0.9,True,False
shizutetsu01,静鉄電車ワンデーパス,静鉄電車一日通票,1.0,1.0,0.9,False,False
shizutetsu11,電車・バス１日フリー乗車券,電車・巴士1日免费乘车券,1.0,1.0,0.9,False,False
shizutetsu95,バンダイホビーセンター新工場開業記念１日フリー乗車券,バンダイホビーセンター新工場開業記念1日免费乘车券,0.64,1.0,0.9,True,False
shizutetsu93,春休み静鉄電車ワンデーパス,春休み静鉄電車一日通票,0.909,1.0,0.9,False,False
shizutetsu92,夏休み静鉄電車ワンデーパス,夏休み静鉄電車一日通票,0.909,1.0,0.9,False,False
shizutetsu91,冬休み静鉄電車ワンデーパス,寒假静鉄電車一日通票,1.0,1.0,0.9,False,False
oigawa96,大井川本線フリーきっぷ,大井川本線免费乘车通票,1.0,0.824,0.9,False,False
oigawa16,開運たぬきっぷ,開運たぬ车票,0.667,1.0,0.9,True,False
tenhama02,１日フリーきっぷ,1日免费乘车通票,1.0,1.0,0.9,False,False
tenhama03,みかんきっぷ,みかん车票,0.4,1.0,0.9,True,False
tenhama04,茶畑きっぷ,茶畑车票,1.0,1.0,0.9,False,False
tenhama11,遠鉄電車・天浜線共通1日フリーきっぷ(西ルート),遠鉄電車・天浜線通用1日免费乘车通票(西路线),1.0,1.0,0.9,False,False
tenhama12,遠鉄電車・天浜線共通1日フリーきっぷ(東ルート),遠鉄電車・天浜線通用1日免费乘车通票(東路线),1.0,1.0,0.9,False,False
entetu71,浜松まるっとパス,滨松まるっと通票,0.5,1.0,0.9,True,False
entetu72,浜松・浜名湖まるっとパス,滨松・浜名湖まるっと通票,0.667,1.0,0.9,True,False
tenhama81,天浜線「絵馬きっぷ2026」,天浜線「絵馬车票2026」,1.0,1.0,0.9,False,False
tenhama101,『初音ミク』×『音街ウナ』コラボ企画きっぷ,『初音ミク』×『音街ウナ』联名企画车票,0.789,1.0,0.9,True,False
entetu02,あかでん1 日フリーきっぷ,あかでん1 日免费乘车通票,0.692,1.0,0.9,True,False
entetu01,遠鉄ぶらりきっぷ,遠鉄闲逛车票,1.0,0.875,0.9,False,False
toyotetu01,渥美線１日フリー乗車券,渥美線1日免费乘车券,1.0,1.0,0.9,False,False
toyotetu02,1DAY FREE PASS,1DAY FREE PASS,1.0,1.0,0.9,False,False
toyotetu03,いこまい豊橋 電車・バス1日フリー乗車券,いこまい豊橋 電車・巴士1日免费乘车券,0.789,1.0,0.9,True,False
toyotetu04,渥美半島サイクルきっぷ,渥美半島サイクル车票,0.6,1.0,0.9,True,False
toyotetu05,伊良湖１ＤＡＹフリーきっぷ,伊良湖1DAY免费乘车通票,1.0,1.0,0.9,False,False
toyotetu06,伊良湖２ＤＡＹフリーきっぷ,伊良湖2DAY免费乘车通票,1.0,1.0,0.9,False,False
toyotetu92,乗り物コロカ付き渥美線1dayフリーきっぷ,乗り物コロカ付き渥美線1day免费乘车通票,0.762,1.0,0.9,True,False
toyotetu94,豊鉄フェスタ1日フリー乗車券,豊鉄庆典1日免费乘车券,1.0,1.0,0.9,False,False
nagoya01,地下鉄全線24時間券,地铁全线24小时券,1.0,1.0,1.0,False,False
nagoya12,バス・地下鉄全線一日乗車券,巴士・地铁全线一日乘车券,1.0,1.0,1.0,False,False
nagoya02,ドニチエコきっぷ,DONICHIKA环保车票,1.0,1.0,1.0,False,False
nagoya98,名古屋まつり記念ドニチエコきっぷ,名古屋祭典記念DONICHIKA环保车票,1.0,1.0,1.0,False,False
nagoya89,名古屋ウィメンズマラソン2026 記念ドニチエコきっぷ,名古屋ウィメンズ马拉松2026 記念DONICHIKA环保车票,0.839,1.0,1.0,True,False
nagoya90,名古屋グランパスコラボ バス・地下鉄全線一日乗車券,名古屋グラン通票联名 巴士・地铁全线一日乘车券,0.87,1.0,1.0,False,False
nagoya87,中日ドラゴンズコラボ2026バス・地下鉄全線一日乗車券,中日ドラゴンズ联名2026巴士・地铁全线一日乘车券,0.8,1.0,1.0,True,False
nagoya88,「第28回にっぽんど真ん中祭り」記念ドニチエコきっぷ,「第28回にっぽんど真ん中祭り」記念DONICHIKA环保车票,0.774,1.0,1.0,True,False
nagoya96,世界コスプレサミット2024記念ドニチエコきっぷ,世界コスプレサミット2024記念DONICHIKA环保车票,0.724,1.0,1.0,True,False
nagoya103,ぴよりんと市バスでぷち旅,ぴよりんと市巴士でぷち旅游,0.385,1.0,1.0,True,False
nagoya104,アジア競技大会開催記念バス・地下鉄全線一日乗車券,アジア競技大会举办纪念巴士・地铁全线一日乘车券,0.87,1.0,1.0,False,False
nagoya105,アジアパラ競技大会開催記念バス・地下鉄全線一日乗車券,アジアパラ競技大会举办纪念巴士・地铁全线一日乘车券,0.8,1.0,1.0,True,False
nagoya93,ゴールデンウィーク特割ドニチエコきっぷ,黄金周特割DONICHIKA环保车票,1.0,1.0,1.0,False,False
nagoya91,1DAYお子サマーパス2026,1DAYお子サマー通票2026,0.8,1.0,1.0,True,False
nagoya92,年末年始特割ドニチエコきっぷ,年末年始特割DONICHIKA环保车票,1.0,0.79,1.0,False,False
meitetu01,名鉄電車全線2DAYフリーきっぷ,名铁電車全线2DAY免费乘车通票,1.0,0.467,1.0,False,True
meitetu11,名鉄電車全線1DAYフリーきっぷ,名铁電車全线1DAY免费乘车通票,1.0,0.467,1.0,False,True
meitetu12,みたけ・可児散策きっぷ,みたけ・可児散策车票,0.7,1.0,1.0,True,False
meitetu101,中日ドラゴンズ コラボフリーきっぷ,中日ドラゴンズ 联名免费乘车通票,0.688,1.0,1.0,True,False
meitetu94,謎解きゲーム1DAYフリーきっぷ,謎解游戏1DAY免费乘车通票,1.0,0.467,1.0,False,True
meitetu100,県民の日 電車バス乗り放題きっぷ,県民の日 電車巴士无限乘坐车票,0.933,0.8,1.0,False,False
333,3・3・SUNデジタルフリーきっぷ,3・3・SUN电子免费乘车通票,1.0,0.686,1.0,False,False
meitetu95,迎春1DAYフリーきっぷ,迎春1DAY免费乘车通票,1.0,0.654,1.0,False,False
kintetu03,近鉄週末フリーパス,近铁週末免费乘车通票,1.0,0.728,1.0,False,False
kintetu71,近鉄全線２日間フリーきっぷ,近铁全线2日間免费乘车通票,1.0,0.728,1.0,False,False
kintetu63,リアル桃鉄でガチ沿線めぐり 東武 vs 近鉄 新幹線で東西制覇！(名古屋・津編)フリーきっぷ,真实桃铁认真沿線巡游 东武 vs 近铁 新幹線で東西制覇!(名古屋・津編)免费乘车通票,0.977,0.867,1.0,False,False
kintetu73,リアル謎解きゲーム オリジナルデザイン1日乗車券,真实謎解游戏 原创デザイン1日乘车券,0.778,0.754,1.0,True,False
linimo01,1DAYフリーきっぷ,1DAY免费乘车通票,1.0,1.0,0.5,False,False
aikan81,休日のりのり愛環１dayパス,假日のりのり愛環1day通票,0.714,1.0,0.9,True,False
aikan96,魔女の谷開園記念 1日フリー乗車券,魔女の谷開園記念 1日免费乘车券,0.938,1.0,0.9,False,False
guideway91,モバイルホリデー１日乗車券,モバイル假日1日乘车券,0.636,1.0,0.9,True,False
guideway92,グッズ付きホリデー１日乗車券,グッズ付き假日1日乘车券,0.667,0.587,0.9,True,True
aonami91,あおなみ線一日乗車券,あおなみ線一日乘车券,0.6,1.0,0.9,True,False
akechi03,あけてつ全線フリー切符,あけてつ全线免费车票,0.6,1.0,0.9,True,False
akechi99,明知鉄道うちわ切符,明知鉄道うちわ车票,0.667,1.0,0.9,True,False
akechi91,くり切符,くり车票,0.5,1.0,0.9,True,False
akechi87,「VIVANT」オリジナルフリー切符,「VIVANT」原创免费车票,1.0,1.0,0.9,False,False
nagaragawa01,１日フリーきっぷ,1日免费乘车通票,1.0,1.0,0.9,False,False
nagaragawa91,１日フリーきっぷ＆駅スタンプ帳,1日免费乘车通票&駅スタンプ帳,0.733,1.0,0.9,True,False
nagaragawa92,中高生1日フリー切符,中高生1日免费车票,1.0,1.0,0.9,False,False
nagaragawa81,関鍛冶伝承館企画展記念フリー切符,関鍛冶伝承館企画展記念免费车票,1.0,1.0,0.9,False,False
nagaragawa86,越美南線全線開通90周年記念1日フリーきっぷ,越美南線全线開通90周年記念1日免费乘车通票,1.0,1.0,0.9,False,False
yoro11,養老線フリーきっぷ,養老線免费乘车通票,1.0,1.0,0.9,False,False
yoro91,養老鉄道まつり記念1日フリーきっぷ,養老鉄道祭典記念1日免费乘车通票,1.0,1.0,0.9,False,False
yoro95,シナモロール1日フリー切符,シナモロール1日免费车票,0.583,1.0,0.9,True,False
tarumi02,１日フリー乗車券,1日免费乘车券,1.0,1.0,0.9,False,False
asunarou01,１dayフリーきっぷ,1day免费乘车通票,1.0,1.0,0.9,False,False
sangi11,三岐線一日乗車券,三岐線一日乘车券,1.0,1.0,0.9,False,False
sangi12,北勢線一日乗車券,北勢線一日乘车券,1.0,0.609,0.9,False,False
sangi92,103編成さようなら記念 三岐線一日乗車券,103編成さようなら記念 三岐線一日乘车券,0.762,1.0,0.9,True,False
ise91,夏ノリノリいせてつきっぷ,夏ノリノリいせてつ车票,0.273,1.0,0.9,True,False
ise92,どっちノリノリいせてつきっぷ,どっちノリノリいせてつ车票,0.154,1.0,0.9,True,False
ise94,Ｆ ワンダーいせてつきっぷ,F ワンダーいせてつ车票,0.417,1.0,0.9,True,False
ise93,新春ノリノリいせてつきっぷ,新春ノリノリいせてつ车票,0.333,1.0,0.9,True,False
jreast66,信州ワンデーパス,信州一日通票,1.0,1.0,1.0,False,False
jreast58,えちごワンデーパス,えちご一日通票,0.571,1.0,1.0,True,False
jreast60,えちごツーデーパス,えちご二日通票,0.571,1.0,1.0,True,False
jrwest41,北陸おでかけtabiwaパス,北陆出行tabiwa通票,1.0,0.755,1.0,False,False
jrwest46,金沢能登tabiwaパス,金泽能登tabiwa通票,1.0,0.755,1.0,False,False
jrwest40,小浜線tabiwaパス,小浜線tabiwa通票,1.0,0.755,1.0,False,False
jrwest42,越前tabiwaパス,越前tabiwa通票,1.0,0.755,1.0,False,False
jrwest39,とやま周遊２dayパス,とやま周游2day通票,0.727,0.755,1.0,True,False
jrwest44,WESTERポイント 北陸新幹線フリーパス（全ポイント）,WESTER积分 北陆新幹線免费乘车通票(全积分),1.0,0.688,1.0,False,False
jrwest45,WESTERポイント 北陸新幹線フリーパス（一部ポイント）,WESTER积分 北陆新幹線免费乘车通票(一部积分),1.0,0.688,1.0,False,False
hokuhoku01,ほくほくワンデーパス,ほくほく一日通票,0.5,1.0,0.5,True,False
hokuhoku92,ほくほく線 周学ミステリーパス,ほくほく線 周学ミステリー通票,0.467,1.0,0.5,True,False
echigo03,トキ鉄ツアーパス,トキ鉄旅游游通票,0.75,0.588,0.9,True,True
echigo93,トキ鉄18きっぷ,トキ鉄18车票,0.714,0.596,0.9,True,True
echigo98,信越マリンビーチ＆マウンテンパス,信越マリンビーチ&マウンテン通票,0.375,1.0,0.9,True,False
echigo02,じもパス,じも通票,0.5,0.701,0.9,True,False
echigo91,開業10周年記念 トキ鉄フリーきっぷ,開業10周年記念 トキ鉄免费乘车通票,0.889,0.762,0.9,False,False
ueda02,1日まるまるフリーきっぷ,1日まるまる免费乘车通票,0.667,1.0,0.9,True,False
sinano32,軽井沢・別所温泉フリーきっぷ,轻井泽・別所温泉免费乘车通票,1.0,1.0,0.9,False,False
ueda04,別所線・信州上田レイライン線電車・バスフリーきっぷ,別所線・信州上田レイライン線電車・巴士免费乘车通票,0.8,1.0,0.9,True,False
ueda102,令和八年八月八日 八ならび 八木沢まい お誕生日フリーきっぷ,令和八年八月八日 八ならび 八木沢まい お誕生日免费乘车通票,0.8,1.0,0.9,True,False
sinano33,軽井沢フリーパス,轻井泽免费乘车通票,1.0,1.0,0.9,False,False
sinano11,北しなの線フリーきっぷ,北しなの線免费乘车通票,0.727,1.0,0.9,True,False
sinano30,しなの鉄道線フリーきっぷ,しなの鉄道線免费乘车通票,0.75,1.0,0.9,True,False
nagaden01,長電フリー乗車券,長電免费乘车券,1.0,1.0,0.9,False,False
nagaden06,SNOW MONKEY PASS,SNOW MONKEY PASS,1.0,1.0,0.9,False,False
nagaden05,ながでん鉄道・バス2DAYフリーきっぷ,ながでん鉄道・巴士2DAY免费乘车通票,0.789,1.0,0.9,True,False
nagaden07,ホリデーフリーチケット,假日免费票,1.0,0.804,0.9,False,False
matuden01,上高地線電車わくわく一日フリー乗車券,上高地線電車兴奋一日免费乘车券,1.0,1.0,0.5,False,False
matuden91,新島々駅鉄道神社例大祭記念 上高地線電車わくわく一日フリー乗車券,新島々駅鉄道神社例大祭記念 上高地線電車兴奋一日免费乘车券,1.0,1.0,0.5,False,False
matuden92,上高地線ふるさと鉄道まつりWebフリー乗車券,上高地線ふるさと鉄道祭典Web免费乘车券,0.8,1.0,0.5,True,False
matuden94,上高地線 謎解きイベント専用きっぷ,上高地線 謎解き活动专用车票,0.929,0.478,0.5,False,True
titetu01,鉄道線・市内電車２日フリーきっぷ,鉄道線・市内電車2日免费乘车通票,1.0,0.789,0.9,False,False
titetu05,鉄道線・市内電車１日フリーきっぷ,鉄道線・市内電車1日免费乘车通票,1.0,0.789,0.9,False,False
titetu02,市内電車・バス１日ふりーきっぷ,市内電車・巴士1日ふりー车票,0.857,1.0,0.9,False,False
titetu09,ぐるっとグルメぐりクーポン,环绕美食ぐり优惠券,0.778,1.0,0.9,True,False
titetu06,岩瀬おさんぽフリーチケット,岩瀬おさんぽ免费票,0.556,1.0,0.9,True,False
titetu07,富山市内まちなかおでかけチケット,富山市内まちなか出行票,0.636,1.0,0.9,True,False
titetu08,富山空港まちなかフリーチケット,富山空港まちなか免费票,0.636,1.0,0.9,True,False
titetu93,宇奈月満喫きっぷ(全線版),宇奈月満喫车票(全线版),1.0,1.0,0.9,False,False
titetu94,宇奈月満喫きっぷ(魚津・黒部版),宇奈月満喫车票(魚津・黑部版),1.0,0.692,0.9,False,False
titetu99,サマーワンコインきっぷ,サマー一枚硬币价车票,0.8,0.824,0.9,True,False
titetu92,くろワンきっぷ,くろワン车票,0.333,0.605,0.9,True,False
titetu90,プチパス,プチ通票,0.5,0.534,0.9,True,True
titetu91,年末年始ふりーきっぷ,年末年始ふりー车票,0.778,0.929,0.9,True,False
kurobekyokoku01,乗り放題きっぷ(1DAY),无限乘坐车票(1DAY),1.0,0.5,0.9,False,True
ainokaze01,１日フリーきっぷ,1日免费乘车通票,1.0,0.476,0.9,False,True
irtoyama01,あいの風・IR１日フリーきっぷ,あいの風・IR1日免费乘车通票,0.8,0.682,0.9,True,False
toyama111,とやま１日乗り放題きっぷ(中央エリア),とやま1日无限乘坐车票(中央区域),0.824,0.567,0.9,True,True
hokuriku3ken,北陸３県２Ｄａｙパス,北陆3県2Day通票,1.0,1.0,0.9,False,False
manyo01,万葉線１日フリー乗車券,万葉線1日免费乘车券,1.0,1.0,0.5,False,False
manyo03,万葉線･海王丸セットクーポン,万葉線・海王丸套装优惠券,1.0,0.957,0.5,False,False
manyo04,高岡まちなか乗り放題１日フリーきっぷ,高冈まちなか无限乘坐1日免费乘车通票,0.778,1.0,0.5,True,False
manyo05,新湊グルメ＆万葉線フリーきっぷ,新湊美食&万葉線免费乘车通票,1.0,1.0,0.5,False,False
ishikawa04,トレインパーク白山 IR・シャトルバスフリー乗車券,トレインパーク白山 IR・シャトル巴士免费乘车券,0.583,1.0,0.9,True,False
ishikawa01,IRいしかわ(金沢・倶利伽羅)１日フリーきっぷ,IR石川(金泽・倶利伽羅)1日免费乘车通票,1.0,1.0,0.9,False,False
ishikawa02,IRいしかわ(金沢・大聖寺)１日フリーきっぷ,IR石川(金泽・大聖寺)1日免费乘车通票,1.0,1.0,0.9,False,False
ishikawa03,IRいしかわ(全線)１日フリーきっぷ,IR石川(全线)1日免费乘车通票,1.0,1.0,0.9,False,False
ishikawa11,子育て応援・金沢スマイルきっぷ,子育て应援・金泽微笑车票,0.917,0.654,0.9,False,False
ishikawa12,子育て応援・白山スマイルきっぷ,子育て应援・白山微笑车票,0.917,0.654,0.9,False,False
ishikawa13,子育て応援・南加賀スマイルきっぷ,子育て应援・南加贺微笑车票,0.923,0.654,0.9,False,False
ishikawa14,子育て応援・全線スマイルきっぷ,子育て应援・全线微笑车票,0.917,0.654,0.9,False,False
ishikawa102,鉄道の日お出かけ１日フリーきっぷ(能美根上〜金沢),鉄道の日出行1日免费乘车通票(能美根上〜金泽),0.957,1.0,0.9,False,False
ishikawa103,鉄道の日お出かけ１日フリーきっぷ(能美根上〜大聖寺),鉄道の日出行1日免费乘车通票(能美根上〜大聖寺),0.958,1.0,0.9,False,False
ishikawa121,ゴールデンウィークお出かけ1日フリーきっぷ(野々市〜倶利伽羅),黄金周出行1日免费乘车通票(野々市〜倶利伽羅),1.0,1.0,0.9,False,False
ishikawa122,ゴールデンウィークお出かけ1日フリーきっぷ(能美根上〜金沢),黄金周出行1日免费乘车通票(能美根上〜金泽),1.0,1.0,0.9,False,False
ishikawa123,ゴールデンウィークお出かけ1日フリーきっぷ(能美根上〜大聖寺),黄金周出行1日免费乘车通票(能美根上〜大聖寺),1.0,1.0,0.9,False,False
ishikawa97,ツエーゲン応援1日フリーきっぷ(東金沢〜能美根上),ツエーゲン应援1日免费乘车通票(東金泽〜能美根上),0.84,1.0,0.9,True,False
ishikawa98,ツエーゲン応援1日フリーきっぷ(東金沢〜大聖寺),ツエーゲン应援1日免费乘车通票(東金泽〜大聖寺),0.833,1.0,0.9,True,False
ishikawa99,Link to the ラブライブ！蓮ノ空女学院スクールアイドルクラブ×IRいしかわ鉄道 花咲くいしかわ旅きっぷ,Link to the LoveLive!莲之空女学院校园偶像クラブ×IR石川鉄道 花咲く石川旅游车票,0.922,1.0,0.9,False,False
ishikawa100,加賀温泉駅前広場完成記念フリーきっぷ,加贺温泉駅前広場完成記念免费乘车通票,1.0,1.0,0.9,False,False
noto02,奥能登まるごとフリーきっぷ,奥能登全域免费乘车通票,1.0,0.802,0.9,False,False
noto01,つこうてくだしフリーきっぷ,つこうてくだし免费乘车通票,0.462,1.0,0.9,True,False
noto95,1DAYフリーきっぷ(ポケモンデザイン),1DAY免费乘车通票(宝可梦デザイン),0.789,1.0,0.9,True,False
hokuriku01,石川線・浅野川線共通一日フリー乗車券,石川線・浅野川線通用一日免费乘车券,1.0,0.8,0.9,False,False
hokuriku05,金沢市内１日フリー乗車券,金泽市内1日免费乘车券,1.0,1.0,0.9,False,False
hokuriku93,浅野川線平日限定シルバー1日フリーエコきっぷ,浅野川線平日限定シルバー1日免费环保车票,0.85,0.925,0.9,False,False
hokuriku92,石川線平日限定シルバー1日フリーエコきっぷ,石川線平日限定シルバー1日免费环保车票,0.842,0.925,0.9,True,False
hokuriku03,浅野川線土日祝限定1日フリーエコきっぷ,浅野川線土日祝限定1日免费环保车票,1.0,1.0,0.9,False,False
hokuriku04,石川線土日祝限定1日フリーエコきっぷ,石川線土日祝限定1日免费环保车票,1.0,1.0,0.9,False,False
hokuriku91,コロプラ☆石川線・浅野川線1日フリーきっぷ,COLOPL☆石川線・浅野川線1日免费乘车通票,1.0,1.0,0.9,False,False
hapilinefukui01,ハピラインふくい１日フリーきっぷ,ハピラインふくい1日免费乘车通票,0.5,1.0,0.5,True,False
etizen03,えちぜん鉄道１日フリーきっぷ(恐竜博物館セット券),えちぜん鉄道1日免费乘车通票(恐竜博物館套装券),0.833,0.966,0.9,True,False
etizen04,あわら温泉宿泊フリーきっぷ,あわら温泉宿泊免费乘车通票,0.769,0.728,0.9,True,False
fukui_maas01,ふくふくきっぷ,ふくふく车票,0.333,1.0,0.9,True,False
etizen01,一日フリーきっぷ,一日免费乘车通票,1.0,0.792,0.9,False,False
etizenfukui01,福井鐵道・えちぜん鉄道共通１日フリーきっぷ,福井鐵道・えちぜん鉄道通用1日免费乘车通票,0.81,0.76,0.9,True,False
etizen91,カイリュー１日フリーきっぷ,カイリュー1日免费乘车通票,0.692,0.333,0.9,True,True
fukutetu73,福福茶屋食事券付１日フリー乗車券,福福茶屋食事券付1日免费乘车券,1.0,0.682,0.9,False,False
etizenfukui02,恐竜博物館交通フリー乗車券,恐竜博物館交通免费乘车券,1.0,0.764,0.9,False,False
fukutetu01,土・日・祝日１日フリー乗車券,土・日・祝日1日免费乘车券,1.0,1.0,0.9,False,False
fukutetu05,電車・バス休日フリーきっぷ,電車・巴士假日免费乘车通票,1.0,1.0,0.9,False,False
fukutetu77,ご家族フリーきっぷ,ご家族免费乘车通票,0.889,1.0,0.9,False,False
fukutetu04,プレミア1日フリー乗車券,プレミア1日免费乘车券,0.636,0.655,0.9,True,False
fukutetu90,888 1日フリー乗車券,888 1日免费乘车券,1.0,1.0,0.9,False,False
fukutetu92,合格祈願１日フリーきっぷ,合格祈願1日免费乘车通票,1.0,1.0,0.9,False,False
fukutetu74,サンドームふくいコンサートフリーきっぷ,サンドームふくいコンサート免费乘车通票,0.421,1.0,0.9,True,False
fukutetu75,ハーモニーホールふくい公演フリーきっぷ,ハーモニーホールふくい公演免费乘车通票,0.579,1.0,0.9,True,False
fukutetu76,ふくいまちなかイベントフリーきっぷ,ふくいまちなか活动免费乘车通票,0.533,1.0,0.9,True,False
fukutetu78,西山公園イベントフリーきっぷ,西山公園活动免费乘车通票,1.0,1.0,0.9,False,False
jrwest154,ONE KANSAI 奈良デジタル周遊フリーパス,ONE KANSAI 奈良电子周游免费乘车通票,1.0,0.717,1.0,False,False
osaka_maas_01,ONE KANSAI 大阪スマートアクセスパス,ONE KANSAI 大阪スマートアクセス通票,0.696,1.0,1.0,True,False
jrwest159,ONE KANSAI 京都満喫3wayパス,ONE KANSAI 京都満喫3way通票,1.0,1.0,1.0,False,False
jrwest161,ONE KANSAI 和歌山2wayパス,ONE KANSAI 和歌山2way通票,1.0,1.0,1.0,False,False
jrwest202,JR西日本QR2dayパス,JR西日本QR2day通票,1.0,0.333,1.0,False,True
jrwest201,ひらパーGo！Go！チケット【JR西日本版】,平日通票Go!Go!票【JR西日本版】,1.0,1.0,1.0,False,False
nankai101,堺おでかけフリーパス,堺出行免费乘车通票,1.0,1.0,1.0,False,False
jrwest151,城崎温泉・天橋立周遊パス,城崎温泉・天橋立周游通票,1.0,0.591,1.0,False,True
jrwest160,京阪・JR西日本 神戸須磨シーワールド1dayパス,京阪・JR西日本 神户須磨シーワールド1day通票,0.84,1.0,1.0,True,False
jrwest162,「全国都市緑化フェアin京都丹波」応援1DAYパス,「全国都市緑化フェアin京都丹波」应援1DAY通票,0.88,1.0,1.0,False,False
jrwest204,tabiwa関西エリアQR1dayパス,tabiwa関西区域QR1day通票,1.0,0.333,1.0,False,True
jrwest152,JR西日本リアル謎解きゲーム 城之内レイコの大阪なぞガイド,JR西日本真实謎解游戏 城之内レイコの大阪なぞガイド,0.654,1.0,1.0,True,False
jrwest156,JR西日本×京都丹後鉄道 北近畿おでかけパス,JR西日本×京都丹後鉄道 北近畿出行通票,1.0,1.0,1.0,False,False
jrwest203,秋の京都丹波お出かけきっぷ,秋の京都丹波出行车票,0.9,0.333,1.0,False,True
hankyu102,阪急・ＪＲ西日本 京都2wayパス,阪急・JR西日本 京都2way通票,1.0,1.0,1.0,False,False
jrwest158,京都 京阪・JR西日本 QRパス,京都 京阪・JR西日本 QR通票,1.0,1.0,1.0,False,False
jrwest157,阪神・JR西日本 おでかけ1dayパス,阪神・JR西日本 出行1day通票,1.0,1.0,1.0,False,False
jrwest153,ひょうごアクセス2dayパス,ひょうごアクセス2day通票,0.429,1.0,1.0,True,False
jrwest155,ぶらり加古川線tabiwa 1Dayパス,闲逛加古川線tabiwa 1Day通票,1.0,1.0,1.0,False,False
jrwest205,ONE KANSAI 伊勢志摩デジタル周遊フリーパス,ONE KANSAI 伊势志摩电子周游免费乘车通票,1.0,0.333,1.0,False,True
iga01,伊賀鉄道一日フリー乗車券,伊賀鉄道一日免费乘车券,1.0,1.0,0.9,False,False
iga96,１日フリー乗車券(伊賀鉄道全線),1日免费乘车券(伊賀鉄道全线),1.0,1.0,0.9,False,False
iga97,デジタル割引一日フリー乗車券,电子优惠一日免费乘车券,1.0,1.0,0.9,False,False
iga41,【手裏剣体験＆ほうじ茶サービス付き】伊賀鉄道一日フリー乗車券,【手裏剣体験&ほうじ茶サービス付き】伊賀鉄道一日免费乘车券,0.759,1.0,0.9,True,False
iga42,【忍者ラテアートサービス付き】伊賀鉄道一日フリー乗車券,【忍者ラテアートサービス付き】伊賀鉄道一日免费乘车券,0.692,1.0,0.9,True,False
iga43,【花咲かりん1.000円以上お買上げ特典付き】伊賀鉄道一日フリー乗車券,【花咲かりん1.000円以上お買上げ特典付き】伊賀鉄道一日免费乘车券,0.824,1.0,0.9,True,False
iga44,【電車型マグネット付き】伊賀鉄道一日フリー乗車券,【電車型マグネット付き】伊賀鉄道一日免费乘车券,0.739,1.0,0.9,True,False
iga45,【伊賀酒試飲コイン付き】伊賀鉄道一日フリー乗車券,【伊賀酒試飲コイン付き】伊賀鉄道一日免费乘车券,0.826,0.851,0.9,True,False
iga49,【★伊賀流忍者博物館★入場券付き】伊賀鉄道一日フリー乗車券,【★伊賀流忍者博物館★入场券付き】伊賀鉄道一日免费乘车券,0.964,1.0,0.9,False,False
iga95,★ワンコイン★１日フリー乗車券,★一枚硬币价★1日免费乘车券,1.0,1.0,0.9,False,False
omi11,１デイ・スマイルチケット,1日・微笑票,1.0,0.938,0.9,False,False
omi95,お〜み満喫パス,お〜み満喫通票,0.714,1.0,0.9,True,False
biwakokeihanna,びわこ京阪奈線フリーキップ,びわこ京阪奈線免费车票,0.727,1.0,0.9,True,False
omi90,ワンコインスマイルきっぷ,一枚硬币价微笑车票,1.0,1.0,0.9,False,False
omi85,八日市線ワンコインきっぷ,八日市線一枚硬币价车票,1.0,1.0,0.9,False,False
omi81,びわこジャズ東近江コラボ １デイ・スマイルチケット,びわこジャズ東近江联名 1日・微笑票,0.667,1.0,0.9,True,False
omi82,ガチャコンまつり500円フリーきっぷ,ガチャコン祭典500円免费乘车通票,0.706,1.0,0.9,True,False
omi86,ガチャフェス乗車券,ガチャフェス乘车券,0.333,1.0,0.9,True,False
omi87,ハッピーライドパス,快乐ライド通票,0.571,0.7,0.9,True,False
omi88,1DAYエンジョイパス,1DAY享受通票,1.0,1.0,0.9,False,False
omi96,春休みこども10円1デイパス,春休み儿童10円1日通票,0.917,1.0,0.9,False,False
omi92,夏休みこども10円1デイパス,夏休み儿童10円1日通票,0.917,1.0,0.9,False,False
omi12,１デイ・スマイルチケット【年末年始特別発売】,1日・微笑票【年末年始特別発売】,1.0,1.0,0.9,False,False
shigaraki11,信楽高原鐵道フリー乗車券,信楽高原鐵道免费乘车券,1.0,1.0,0.5,False,False
shigaraki12,ＳＫＲコミバス共通フリー乗車券,SKRコミ巴士通用免费乘车券,0.857,1.0,0.5,False,False
shigaraki94,たぬきっぷ,たぬ车票,0.5,1.0,0.5,True,False
kyoto12,地下鉄・バス一日券,地铁・巴士一日券,1.0,1.0,1.0,False,False
kyoto11,地下鉄一日券,地铁一日券,1.0,1.0,1.0,False,False
naraikaruga,奈良・斑鳩1dayチケット,奈良・斑鳩1day票,1.0,0.737,1.0,False,False
kyotoaraden,京都地下鉄・嵐電1dayチケット,京都地铁・嵐電1day票,1.0,1.0,1.0,False,False
eiden51,地下鉄＆えいでん 鞍馬・貴船日帰りきっぷ,地铁&えいでん 鞍馬・貴船日帰り车票,0.722,1.0,1.0,True,False
kyoto81,ポストカード型地下鉄1日券,ポスト卡型地铁1日券,0.7,1.0,1.0,True,False
kyoto82,ナゾトキ街歩きゲーム『京都謎解き列車旅』地下鉄1日券,解谜トキ街歩游戏『京都謎解き列車旅游』地铁1日券,0.875,1.0,1.0,False,False
eiden01,えぇきっぷ,えぇ车票,0.5,1.0,0.9,True,False
eiden91,京都洛北・森と水のきっぷ,京都洛北・森と水の车票,0.818,1.0,0.9,True,False
eiden95,比叡山日帰りきっぷ,比叡山日帰り车票,0.875,1.0,0.9,False,False
eiden97,比叡山フリーパス,比叡山免费乘车通票,1.0,0.944,0.9,False,False
eiden81,京都一乗寺らーめん切符,京都一乗寺らーめん车票,0.727,1.0,0.9,True,False
eiden83,えいでんと、温泉きっぷ,えいでんと、温泉车票,0.5,1.0,0.9,True,False
eiden104,京都八瀬にゃんにゃんきっぷ,京都八瀬にゃんにゃん车票,0.5,1.0,0.9,True,False
randen01,嵐電1日フリーきっぷ,嵐電1日免费乘车通票,1.0,1.0,0.9,False,False
randen02,癒しの嵐電１日フリーきっぷ,癒しの嵐電1日免费乘车通票,0.846,1.0,0.9,True,False
hankyu04,京都・嵐山1dayパス,京都・岚山1day通票,1.0,1.0,0.9,False,False
randen04,嵐山・高雄ぐるっとパス,岚山・高雄环绕通票,1.0,1.0,0.9,False,False
tantetsu70,海の京都 天橋立・伊根フリーパス,海の京都 天橋立・伊根免费乘车通票,0.941,0.571,0.9,False,True
tantetsu11,京都丹後鉄道ワンデーパス,京都丹後鉄道一日通票,1.0,0.931,0.9,False,False
tantetsu61,幸福パス,幸福通票,1.0,0.675,0.9,False,False
tantetsu02,家族お出かけきっぷ,家族出行车票,1.0,0.74,0.9,False,False
tankai11,丹後天橋立伊根フリー,丹後天橋立伊根免费,1.0,1.0,0.5,False,False
surukan07,神戸街めぐり1dayクーポン,神户街巡游1day优惠券,1.0,1.0,1.0,False,False
koyasan,高野山おでかけきっぷ,高野山出行车票,1.0,0.657,1.0,False,False
kintetu75,きんてつ きっずぱす,きんてつ きっずぱす,0.1,0.867,1.0,True,False
surukan10,大阪周遊パス,大阪周游通票,1.0,0.542,1.0,False,True
osakamono87,大阪周遊パス(大阪伊丹空港版),大阪周游通票(大阪伊丹空港版),1.0,0.542,1.0,False,True
kintetu67,近鉄電車ナゾだらけの列車旅(大阪線編)オリジナルデザイン1日乗車券,近铁電車解谜だらけの列車旅游(大阪線編)原创デザイン1日乘车券,0.742,0.867,1.0,True,False
kintetu93,近鉄新春おでかけきっぷ,近铁新春出行车票,1.0,0.55,1.0,False,True
kintetu97,新春おでかけ京阪奈1dayパス,新春出行京阪奈1day通票,1.0,0.879,1.0,False,False
kintetu98,阪神・近鉄初詣1dayチケット,阪神・近铁初詣1day票,1.0,1.0,1.0,False,False
keihan05,京阪電車 大阪・京都1日乗車券,京阪電車 大阪・京都1日乘车券,1.0,1.0,1.0,False,False
keihan06,京阪電車 京都1日乗車券,京阪電車 京都1日乘车券,1.0,1.0,1.0,False,False
keihan83,叡山電車・京阪電車1日乗車券,叡山電車・京阪電車1日乘车券,1.0,1.0,1.0,False,False
keihan04,京阪電車 大津線 湖都古都1日乗車券,京阪電車 大津線 湖都古都1日乘车券,1.0,1.0,1.0,False,False
keihan02,ひらパーGo!Go!チケット,平日通票Go!Go!票,1.0,1.0,1.0,False,False
keihan15,チームラボ バイオヴォルテックス 京都＋京阪電車 KYOTO-OSAKA SIGHTSEEING PASS 1day,チームラボ バイオヴォルテックス 京都+京阪電車 KYOTO-OSAKA SIGHTSEEING PASS 1day,0.759,0.694,1.0,True,False
keihan68,京都洛北 大原・鞍馬・貴船まるごと1日きっぷ,京都洛北 大原・鞍馬・貴船全域1日车票,1.0,1.0,1.0,False,False
keihan11,京阪・Osaka Metro1日フリーチケット,京阪・Osaka Metro1日免费票,1.0,1.0,1.0,False,False
keihan99,比叡山・大津線きっぷ,比叡山・大津線车票,1.0,0.625,1.0,False,False
keihan14,京阪電車「免許自主返納」応援！大津線 湖都古都1日乗車券,京阪電車「免許自主返納」应援!大津線 湖都古都1日乘车券,1.0,0.768,1.0,False,False
keihan90,京阪電車ナゾ巡り1日乗車券,京阪電車解谜巡り1日乘车券,0.923,1.0,1.0,False,False
keihan86,「京阪電車×響け！ユーフォニアム2026」大津線フリーチケット,「京阪電車×響け!ユーフォニアム2026」大津線免费票,0.741,1.0,1.0,True,False
keihan88,「京阪電車×響け！ユーフォニアム2026」京阪線フリーチケット,「京阪電車×響け!ユーフォニアム2026」京阪線免费票,0.741,1.0,1.0,True,False
keihan104,フェルメール《真珠の耳飾りの少女》展 記念乗車券,フェルメール《真珠の耳飾りの少女》展 記念乘车券,0.667,1.0,1.0,True,False
keihan105,京阪電車ナゾ巡り大津線編1日乗車券,京阪電車解谜巡り大津線編1日乘车券,0.941,0.375,1.0,False,True
keihan102,京阪電車 冬のおでかけ応援きっぷ,京阪電車 冬の出行应援车票,0.923,1.0,1.0,False,False
keihan89,京阪電車「敬老の日」びわ湖チケット,京阪電車「敬老の日」琵琶湖票,0.929,0.789,1.0,False,False
keihan91,年末年始フリーデジタル２dayチケット,年末年始免费电子2day票,1.0,1.0,1.0,False,False
keihan92,京阪電車 年末年始大津線フリーチケット・坂本ケーブルチケット,京阪電車 年末年始大津線免费票・坂本ケーブル票,0.87,1.0,1.0,False,False
hankyuhanshin0,阪急阪神1dayパス,阪急阪神1day通票,1.0,1.0,1.0,False,False
hankyu89,阪急1dayパス,阪急1day通票,1.0,1.0,1.0,False,False
kitakyumonorailkyoto,北急・モノレール京都おでかけきっぷ,北急・单轨电车京都出行车票,1.0,1.0,1.0,False,False
arima_rokko,有馬・六甲周遊1dayパス,有马・六甲周游1day通票,1.0,1.0,1.0,False,False
arima_rokko02,有馬・六甲周遊2dayパス,有马・六甲周游2day通票,1.0,1.0,1.0,False,False
taikonoyu,有馬温泉 太閤の湯クーポン,有马温泉 太閤の湯优惠券,0.917,0.976,1.0,False,False
hankyu101,阪急－神戸高速線 神戸市内 土休日フリーきっぷ,阪急-神户高速線 神户市内 周六日免费乘车通票,1.0,1.0,1.0,False,False
hankyu105,王子動物園×阪急神戸線1dayパス,王子動物園×阪急神户線1day通票,1.0,1.0,1.0,False,False
hankyu103,リアル謎解きゲーム ナゾときっぷ(阪急編),真实謎解游戏 解谜车票(阪急編),1.0,1.0,1.0,False,False
hankyu94,阪急阪神ニューイヤーチケット,阪急阪神ニューイヤー票,0.636,1.0,1.0,True,False
hankyu93,ぐるっと初詣パス,环绕初詣通票,1.0,1.0,1.0,False,False
nose73,のせでん1dayパス,のせでん1day通票,0.6,1.0,0.9,True,False
nose74,のせでん1dayパス 茜音・藍彩 1 周年記念 ver.,のせでん1day通票 茜音・藍彩 1 周年記念 ver.,0.857,0.846,0.9,False,False
hansinsanyo,阪神・山陽シーサイドQR 1dayチケット,阪神・山阳シーサイドQR 1day票,0.778,1.0,1.0,True,False
sanyo12,阪神・明石市内QR 1dayチケット,阪神・明石市内QR 1day票,1.0,1.0,1.0,False,False
sanyo11,三宮・明石市内QR 1dayチケット,三宫・明石市内QR 1day票,1.0,1.0,1.0,False,False
sanhime,三宮・姫路QR 1dayチケット,三宫・姬路QR 1day票,1.0,1.0,1.0,False,False
sanyo95,神戸マラソン1dayチケット,神户马拉松1day票,1.0,1.0,1.0,False,False
hanshin93,リアル謎解きゲーム ナゾときっぷ(阪神編),真实謎解游戏 解谜车票(阪神編),1.0,1.0,1.0,False,False
kobe11,神戸周遊パス,神户周游通票,1.0,1.0,1.0,False,False
hanshin72,ポートライナー・阪神24時間パス,ポートライナー・阪神24小时通票,0.688,1.0,1.0,True,False
sanyo91,山陽・高速 新春全線1dayパス,山阳・高速 新春全线1day通票,1.0,1.0,1.0,False,False
osaka03,エンジョイエコカード,享受环保卡,1.0,0.7,1.0,False,False
osaka04,Osaka Metro・大阪シティバス1日乗車券,Osaka Metro・大阪シティ巴士1日乘车券,0.875,0.7,1.0,False,False
osakametoro92,1日乗車券シニア,1日乘车券银发,1.0,0.63,1.0,False,False
osakametoro94,Osaka Metro 26時間券,Osaka Metro 26時間券,1.0,0.385,1.0,False,True
osakametoro95,Osaka Metro 48時間券,Osaka Metro 48時間券,1.0,0.385,1.0,False,True
osakametoro96,Osaka Metro ＆ 北大阪急行1日乗車券,Osaka Metro & 北大阪急行1日乘车券,1.0,0.385,1.0,False,True
osakametoro51,ひらパーGo!Go!チケット(Osaka Metro版),平日通票Go!Go!票(Osaka Metro版),1.0,0.385,1.0,False,True
osakametoro98,「2つの世界と2匹の物語」１日乗車券,「2つの世界と2匹の物語」1日乘车券,0.778,0.385,1.0,True,True
osakametoro83,映画『8番出口』Osaka Metro 脱出ゲーム謎解きキット1日乗車券,映画『8番出口』Osaka Metro 脱出ゲーム謎解きキット1日乘车券,0.833,0.409,1.0,True,True
osakametoro99,大阪マラソン2day pass,大阪马拉松2day pass,1.0,0.3,1.0,False,True
kitakyu91,リアル謎解きゲーム ナゾときっぷ(北急編),真实謎解游戏 解谜车票(北急編),1.0,1.0,0.9,False,False
kitakyu92,ひらパーGo!Go!チケット(北大阪急行版),平日通票Go!Go!票(北大阪急行版),1.0,1.0,0.9,False,False
osakamono96,休日満喫1dayモバイルチケット,假日満喫1dayモバイル票,0.692,1.0,0.9,True,False
osakamono97,オフピークモバイルチケット,オフピークモバイル票,0.2,1.0,0.9,True,False
osakamono90,ニフレル エンジョイパス,ニフレル 享受通票,0.556,1.0,0.9,True,False
osakamono98,お得に万博記念公園エンジョイパス,优惠に万博記念公園享受通票,0.923,1.0,0.9,False,False
osakamono52,ひらパーGo!Go!チケット(大阪モノレール版),平日通票Go!Go!票(大阪单轨电车版),1.0,1.0,0.9,False,False
nankai102,NANKAI 1DAY PASS,NANKAI 1DAY PASS,1.0,0.609,1.0,False,False
nankai104,南海×通天閣きっぷ,南海×通天閣车票,1.0,0.609,1.0,False,False
nankai100,南海うみまち39きっぷ,南海うみまち39车票,0.6,1.0,1.0,True,False
nankai99,南海旅なぞ TRAIN2026 〜謎解きは旅の途中で〜１日フリー乗車券,南海旅游なぞ TRAIN2026 〜謎解きは旅游の途中で〜1日免费乘车券,0.833,0.729,1.0,True,False
nankai105,南海電鉄140周年×｢INI｣ WINTER SINGLE記念乗車券,南海電鉄140周年×「INI」 WINTER SINGLE記念乘车券,1.0,0.609,1.0,False,False
nankai106,YOASOBI×めでたいでんしゃ加太線1dayきっぷ,YOASOBI×めでたいでんしゃ加太線1day车票,0.68,0.933,1.0,True,False
nankai92,敬老の日1dayチケット,敬老の日1day票,0.889,0.859,1.0,False,False
nankai91,南海・泉北 新春乗り放題きっぷ(2DAY),南海・泉北 新春无限乘坐车票(2DAY),1.0,0.933,1.0,False,False
hankai02,TAKE TAKEきっぷ(１日乗車券),TAKE TAKE车票(1日乘车券),1.0,1.0,0.5,False,False
hankai03,トリップチケット,トリップ票,0.2,1.0,0.5,True,False
sakai04,堺おもてなしチケット「阪堺拡大版」,堺おもてなし票「阪堺拡大版」,0.643,1.0,0.5,True,False
sakai03,堺おもてなしチケット「南海バス拡大版」,堺おもてなし票「南海巴士拡大版」,0.688,1.0,0.5,True,False
mizuma01,鉄道１日フリー乗車券,鉄道1日免费乘车券,1.0,1.0,0.9,False,False
mizuma03,昼間割引フリー乗車券,昼間优惠免费乘车券,1.0,0.931,0.9,False,False
mizuma93,仮面ライダーガヴ・ゴジュウジャー コラボ 鉄道１日フリー乗車券,仮面ライダーガヴ・ゴジュウジャー 联名 鉄道1日免费乘车券,0.621,1.0,0.9,True,False
wakayama01,貴志川線１日乗車券,貴志川線1日乘车券,1.0,1.0,0.5,False,False
wakayama94,和歌山電鐵貴志川線 1日乗車券(招き猫みくじ付き),和歌山電鐵貴志川線 1日乘车券(招き猫みくじ付き),0.8,1.0,0.5,True,False
kobe01,共通１日乗車券,通用1日乘车券,1.0,1.0,0.5,False,False
kobe02,ポートライナー専用１日乗車券,ポートライナー专用1日乘车券,0.643,1.0,0.5,True,False
kobe03,六甲ライナー専用１日乗車券,六甲ライナー专用1日乘车券,0.769,1.0,0.5,True,False
kobecity04,神戸市営地下鉄QR１日乗車券,神户市営地铁QR1日乘车券,1.0,1.0,1.0,False,False
kobecity02,地下鉄１日乗車券,地铁1日乘车券,1.0,1.0,1.0,False,False
kobecity01,市バス・地下鉄共通１日乗車券,市巴士・地铁通用1日乘车券,1.0,1.0,1.0,False,False
kobecity83,兵庫津ミュージアム観覧券付き海岸線1日乗車券,兵庫津ミュージアム観覧券付き海岸線1日乘车券,0.727,0.571,1.0,True,True
kobecity84,海岸線中学生以下フリーパス,海岸線中学生以下免费乘车通票,1.0,0.541,1.0,False,True
shintetu94,おもてなしきっぷ,おもてなし车票,0.286,1.0,1.0,True,False
sanyo98,神戸西須磨パークスQR 1dayチケット,神户西須磨パークスQR 1day票,0.824,1.0,1.0,True,False
shintetu81,日曜限定 おでかけ4dayきっぷ,日曜限定 出行4day车票,1.0,1.0,0.9,False,False
kobecity92,おでかけ乗車券,出行乘车券,1.0,1.0,0.9,False,False
shintetu92,小野まつり1dayチケット,小野祭典1day票,1.0,1.0,0.9,False,False
shintetu93,三木金物まつり1dayチケット,三木金物祭典1day票,1.0,1.0,0.9,False,False
shintetu82,神鉄・高速全線ゴールデンウィーク1dayパス,神鉄・高速全线黄金周1day通票,1.0,1.0,0.9,False,False
shintetu91,神鉄・高速全線 年末・年始１dayパス,神鉄・高速全线 年末・年始1day通票,1.0,1.0,0.9,False,False
sanhime5,三宮・姫路5dayチケット,三宫・姬路5day票,1.0,1.0,0.9,False,False
sanyo97,なぞときさんぽ旅 1dayチケット,なぞときさんぽ旅游 1day票,0.533,1.0,0.9,True,False
sanyo99,山陽 鉄道フェスティバル2025 親子QR1dayチケット,山阳 鉄道フェスティバル2025 親子QR1day票,0.731,1.0,0.9,True,False
sanyo90,山陽電車初詣・初売4dayパス,山阳電車初詣・初売4day通票,1.0,1.0,0.9,False,False
hojo01,１日フリーきっぷ,1日免费乘车通票,1.0,1.0,0.9,False,False
jrwest79,岡山・香川ワイドパス,冈山・香川广域通票,1.0,1.0,1.0,False,False
jrwest66,岡山ワイドパス,冈山广域通票,1.0,1.0,1.0,False,False
jrwest49,せとうちパス,せとうち通票,0.333,1.0,1.0,True,False
jrwest68,岡山・倉敷tabiwaぐるりんパス,冈山・仓敷tabiwa环绕通票,1.0,1.0,1.0,False,False
jrwest166,井原・岡山周遊パス,井原・冈山周游通票,1.0,1.0,1.0,False,False
jrwest61,広島ワイドパス,广岛广域通票,1.0,1.0,1.0,False,False
jrwest62,宮島・瀬戸内tabiwaぐるりんパス,宫岛・濑户内tabiwa环绕通票,1.0,1.0,1.0,False,False
jrwest301,広島・松山周遊パス,广岛・松山周游通票,1.0,0.664,1.0,False,False
jrwest69,山口セントラルパス,山口セントラル通票,0.444,1.0,1.0,True,False
jrwest58,下関・長門tabiwaぐるりんパス,下关・長門tabiwa环绕通票,1.0,1.0,1.0,False,False
jrwest85,山陰のんびりパス,山陰悠闲通票,1.0,1.0,1.0,False,False
jrwest132,鳥取のんびりパス,鸟取悠闲通票,1.0,1.0,1.0,False,False
jrwest133,松江・出雲tabiwaぐるりんパス,松江・出云tabiwa环绕通票,1.0,1.0,1.0,False,False
jrwest148,tabiwa 津山因美パス,tabiwa 津山因美通票,1.0,1.0,1.0,False,False
jrwest165,宮島満喫パス,宫岛満喫通票,1.0,1.0,1.0,False,False
jrwest140,tabiwa呉海自カレーきっぷ,tabiwa吴海自カレー车票,0.857,0.769,1.0,False,False
jrwest57,バス＆レール どっちも乗り放題パス２デイ,巴士&轨道 どっちも无限乘坐通票2日,0.778,0.769,1.0,True,False
jrwest130,宇部周遊1dayパス,宇部周游1day通票,1.0,0.826,1.0,False,False
tizukyu11,智頭線普通列車１日乗車券,智頭線普通列車1日乘车券,1.0,0.857,1.0,False,False
wakasa01,１日フリー乗車券,1日免费乘车券,1.0,1.0,1.0,False,False
wakasa03,鳥取藩乗放題手形,鸟取藩乗放題手形,1.0,1.0,1.0,False,False
wakasa02,親子きっぷ,親子车票,1.0,1.0,1.0,False,False
itibata01,一畑電車フリー乗車券,一畑電車免费乘车券,1.0,1.0,1.0,False,False
itibata02,一畑電車シルバーきっぷ,一畑電車シルバー车票,0.7,0.889,1.0,True,False
itibata04,フォーゲル＆フリーチケット,フォーゲル&免费票,0.556,1.0,1.0,True,False
itibata05,古代出雲歴博入場券＆フリーチケット,古代出云歴博入场券&免费票,1.0,1.0,1.0,False,False
itibata06,松江・出雲 旅PASS 2Days,松江・出云 旅游PASS 2Days,1.0,0.677,1.0,False,False
itibata92,特別１日フリー乗車券,特別1日免费乘车券,1.0,1.0,1.0,False,False
okaden02,路面電車１日乗車券,路面电车1日乘车券,1.0,1.0,1.0,False,False
okaden97,路面電車＋岡電バス(一部区間)１日乗車券,路面电车+岡電巴士(一部区間)1日乘车券,1.0,1.0,1.0,False,False
okaden98,令和８年初参り 路面電車一日乗車券付き「紙絵馬」引換券,令和8年初参り 路面电车一日乘车券付き「紙絵馬」引換券,0.926,1.0,1.0,False,False
okaden94,サマーキッズパス,サマー儿童通票,0.714,0.533,1.0,True,True
mizushima01,1日乗り放題乗車券,1日无限乘坐乘车券,1.0,1.0,1.0,False,False
ibara12,スーパーホリデーパス,超级假日通票,1.0,0.65,1.0,False,False
ibara91,井原線１日乗り放題切符,井原線1日无限乘坐车票,1.0,0.65,1.0,False,False
astrum01,一日乗車券,一日乘车券,1.0,1.0,1.0,False,False
astrum11,サンフレッチェ応援乗車券,サンフレッチェ应援乘车券,0.417,1.0,1.0,True,False
hiroden01,電車一日乗車券,電車一日乘车券,1.0,1.0,1.0,False,False
hiroden03,広電電車乗車券,広電電車乘车券,1.0,1.0,1.0,False,False
hiroden02,一日乗車乗船券,一日乗車乗船券,1.0,0.826,1.0,False,False
hiroden04,広電電車乗車乗船券,広電電車乗車乗船券,1.0,1.0,1.0,False,False
hiroshima01,広島たびパス(紙チケット),广岛旅游行通票(紙票),1.0,0.611,1.0,False,False
hiroshima02,広島たびパス(デジタルチケット),广岛旅游行通票(电子票),1.0,0.639,1.0,False,False
hiroshima08,広島たびパス(ミドルエリア),广岛旅游行通票(ミドル区域),0.786,0.495,1.0,True,True
hiroden07,デジタルシティパス,电子シティ通票,0.571,1.0,1.0,True,False
nishikigawa01,１日フリーきっぷ,1日免费乘车通票,1.0,0.917,1.0,False,False
jrsikoku01,四国フリーきっぷ,四国免费乘车通票,1.0,1.0,1.0,False,False
jrsikoku02,四国グリーン紀行,四国グリーン紀行,0.625,1.0,1.0,True,False
jrsikoku11,四万十・宇和海フリーきっぷ,四万十・宇和海免费乘车通票,1.0,1.0,1.0,False,False
jrsikoku08,ことでん・JRくるり〜んきっぷ,琴电・JRくるり〜ん车票,0.667,1.0,1.0,True,False
jrsikoku13,内子・大洲町並散策１日パス,内子・大洲町並散策1日通票,1.0,1.0,1.0,False,False
jrsikoku03,週末乗り放題きっぷ,週末无限乘坐车票,1.0,1.0,1.0,False,False
jrsikoku16,四国再発見早トクきっぷ,四国再発見早トク车票,0.8,1.0,1.0,True,False
jrsikoku06,バースデイきっぷ,バース日车票,0.667,0.799,1.0,True,False
jrsikoku87,徳島・室戸・高知55フリーきっぷ,德岛・室戸・高知55免费乘车通票,1.0,0.675,1.0,False,False
jrsikoku81,スマえき若者限定四国フリーきっぷ,スマえき若者限定四国免费乘车通票,0.75,0.718,1.0,True,False
tosakuro92,ひがしこうち観光１日フリーきっぷ,ひがしこうち観光1日免费乘车通票,0.625,1.0,1.0,True,False
jrsikoku67,やなせたかしさんふるさとの地を巡る高知ものべ周遊パス,やなせたかしさんふるさとの地を巡る高知ものべ周游通票,0.308,1.0,1.0,True,False
jrsikoku101,しこく超ドリームパス（愛称：Cho Pass）,しこく超ドリーム通票(愛称:Cho Pass),0.739,1.0,1.0,True,False
jrsikoku66,こども四国フリーきっぷ,儿童四国免费乘车通票,1.0,0.76,1.0,False,False
jrsikoku65,香川エリアぐるぐるきっぷ,香川区域ぐるぐる车票,0.6,1.0,1.0,True,False
kotoden01,ことでん１日フリーきっぷ,琴电1日免费乘车通票,1.0,1.0,0.9,False,False
kotoden03,ことでんおんせん乗車入浴券,琴电おんせん乗車入浴券,0.636,1.0,0.9,True,False
kotoden04,レール＆リムジンパス,轨道&リムジン通票,0.556,1.0,0.9,True,False
kotoden09,レール＆リムジンデジタルパス,轨道&リムジン电子通票,0.636,1.0,0.9,True,False
kotoden05,ことでん×NEWレオマワールドセットきっぷ,琴电×NEWレオマワールド套装车票,0.647,1.0,0.9,True,False
kotoden07,ことでん24時間フリーきっぷ,琴电24小时免费乘车通票,1.0,1.0,0.9,False,False
kotoden08,ことでん48時間フリーきっぷ,琴电48時間免费乘车通票,1.0,1.0,0.9,False,False
kotoden84,やしま四国村・志度線パス,やしま四国村・志度線通票,0.75,1.0,0.9,True,False
kotoden10,やしま四国村・志度線パス リムジンバスセット券,やしま四国村・志度線通票 リムジン巴士套装券,0.682,1.0,0.9,True,False
kotoden81,ことでんぷーるきっぷ,琴电ぷーる车票,0.714,1.0,0.9,True,False
kotoden82,ことでんすけーときっぷ,琴电すけーと车票,0.625,1.0,0.9,True,False
iyotetu21,市内電車･郊外電車 1Dayチケット,市内電車・郊外電車 1Day票,1.0,0.714,0.9,False,False
iyotetu22,市内電車･リムジンバス 1Dayチケット,市内電車・リムジン巴士 1Day票,0.765,0.714,0.9,True,False
tosaden01,電車１日乗車券〜市内均一料金区間版〜,電車1日乘车券〜市内均一料金区間版〜,1.0,1.0,0.9,False,False
tosaden03,電車24時間乗車券〜市内均一料金区間版〜,電車24小时乘车券〜市内均一料金区間版〜,1.0,1.0,0.9,False,False
tosaden02,電車１日乗車券〜軌道全線版〜,電車1日乘车券〜軌道全线版〜,1.0,1.0,0.9,False,False
tosaden04,電車24時間乗車券〜軌道全線版〜,電車24小时乘车券〜軌道全线版〜,1.0,1.0,0.9,False,False
tosaden05,バス・路面電車一日乗車券 モバイルチケット,巴士・路面电车一日乘车券 モバイル票,0.778,1.0,0.9,True,False
tosaden91,新春初詣きっぷ,新春初詣车票,1.0,0.519,0.9,False,True
kurosio01,ごめん・なはり線フリーきっぷ,ごめん・なはり線免费乘车通票,0.571,1.0,0.9,True,False
kurosio02,くろしお1日フリーきっぷ,くろしお1日免费乘车通票,0.667,1.0,0.9,True,False
tosakuro81,土佐くろおでかけきっぷ,土佐くろ出行车票,0.75,0.889,0.9,True,False
tosakuro96,土佐くろまるごときっぷ,土佐くろ全域车票,0.75,0.617,0.9,True,False
jrkyusyu01,旅名人の九州満喫きっぷ,旅游名人の九州満喫车票,0.909,0.846,1.0,False,False
jrkyusyu81,ぶらり大村線きっぷ,闲逛大村線车票,1.0,1.0,1.0,False,False
jrkyusyu08,ゆふいん1dayレール＆バスチケット,ゆふいん1day轨道&巴士票,0.714,0.889,1.0,True,False
jrkyusyu91,ぐるっと九州きっぷ,环绕九州车票,1.0,1.0,1.0,False,False
jrkyusyu61,JR＆宮交バス 日南1デーフリーパス,JR&宮交巴士 日南1デー免费乘车通票,0.947,1.0,1.0,False,False
minamiaso11,みなみあそ旅のレールバス,みなみあそ旅游の轨道巴士,0.5,0.75,1.0,True,False
minamiaso12,あそ旅のレールバス,あそ旅游の轨道巴士,0.667,0.75,1.0,True,False
jrkyusyu801,ハロー！自由時間ネットパス(全九州版),ハロー!自由時間ネット通票(全九州版),0.737,0.823,1.0,True,False
jrkyusyu791,ハロー！自由時間ネットパス(北部九州版),ハロー!自由時間ネット通票(北部九州版),0.75,0.823,1.0,True,False
jrkyusyu124,JQ CARDおでかけネットパス(全九州版),JQ CARD出行ネット通票(全九州版),0.85,1.0,1.0,False,False
jrkyusyu123,JQ CARDおでかけネットパス(北部九州版),JQ CARD出行ネット通票(北部九州版),0.857,1.0,1.0,False,False
jrkyusyu66,こどもぼうけんきっぷ,儿童ぼうけん车票,0.5,1.0,1.0,True,False
jrkyusyu118,みやざきマルっと1Dayフリーパス,みやざきマルっと1Day免费乘车通票,0.556,1.0,1.0,True,False
jrkyusyu111,『GO NORI-HODAI』Tシャツきっぷ,『GO NORI-HODAI』Tシャツ车票,0.857,0.52,1.0,False,True
jrkyusyu112,ぶらり大村線・松浦鉄道きっぷ,闲逛大村線・松浦鉄道车票,1.0,1.0,1.0,False,False
jrkyusyu113,肥薩線〜指宿枕崎線1日乗り放題きっぷ,肥薩線〜指宿枕崎線1日无限乘坐车票,1.0,1.0,1.0,False,False
jrkyusyu114,ひなたフェスみやざき記念きっぷ,ひなたフェスみやざき記念车票,0.286,1.0,1.0,True,False
jrkyusyu115,南九州 DE 超回復！きっぷ,南九州 DE 超回復!车票,1.0,1.0,1.0,False,False
jrkyusyu51,ぐるっと九州御朱印めぐりきっぷ,环绕九州御朱印巡游车票,1.0,1.0,1.0,False,False
jrkyusyu52,いちにち九州御朱印めぐりきっぷ,いちにち九州御朱印巡游车票,0.692,1.0,1.0,True,False
jrkyusyu121,旅名人の九州満喫寺社めぐりきっぷ,旅游名人の九州満喫寺社巡游车票,0.933,0.831,1.0,False,False
jrkyusyu120,福岡エリア 九州寺社めぐりきっぷ,福冈区域 九州寺社巡游车票,1.0,1.0,1.0,False,False
jrkyusyu119,ぶらり大村線 寺社めぐりきっぷ,闲逛大村線 寺社巡游车票,1.0,1.0,1.0,False,False
jrkyusyu122,北九州周遊パス〜タッチKyushu〜,北九州周游通票〜タッチKyushu〜,0.833,0.353,1.0,True,True
jrkyusyu130,GO QUEST西九州フリーきっぷ,GO QUEST西九州免费乘车通票,1.0,0.792,1.0,False,False
jrkyusyu127,島原半島〜長崎満喫きっぷ,島原半島〜长崎満喫车票,1.0,1.0,1.0,False,False
jrkyusyu129,九州大冒険きっぷ(全九州版),九州大冒険车票(全九州版),1.0,1.0,1.0,False,False
jrkyusyu128,九州大冒険きっぷ(北部九州版),九州大冒険车票(北部九州版),1.0,0.792,1.0,False,False
jrkyusyu132,かごんまーベラスフリーきっぷ,かごんまーベラス免费乘车通票,0.5,0.636,1.0,True,False
jrkyusyu133,JR・市電・市バス・シティビュー乗りまわレールきっぷ,JR・路面电车・市巴士・城市景观乗りまわ轨道车票,0.875,0.636,1.0,False,False
jrkyusyu116,くまもっと！冒険きっぷ,くまもっと!冒険车票,0.5,1.0,1.0,True,False
solaseed01,鹿児島・宮崎フリーきっぷ,鹿儿岛・宫崎免费乘车通票,1.0,1.0,0.5,False,False
solaseed02,由布院・別府フリーきっぷ,由布院・别府免费乘车通票,1.0,1.0,0.5,False,False
solaseed03,西九州フリーきっぷ,西九州免费乘车通票,1.0,1.0,0.5,False,False
solaseed04,中九州フリーきっぷ,中九州免费乘车通票,1.0,1.0,0.5,False,False
solaseed05,全九州フリーきっぷ,全九州免费乘车通票,1.0,1.0,0.5,False,False
solaseed06,かごんまーべラスフリーきっぷ,かごんまーべラス免费乘车通票,0.5,1.0,0.5,True,False
nishitetu81,FUKUOKA 1DAY PASS,FUKUOKA 1DAY PASS,1.0,0.458,0.9,False,True
nishitetu21,福岡(天神)⇔太宰府1日フリー乗車券,福冈(天神)⇔太宰府1日免费乘车券,1.0,1.0,0.9,False,False
nishitetu84,田主丸っと もぎもぎきっぷ,田主丸っと もぎもぎ车票,0.5,0.458,0.9,True,True
kitamono01,１日乗車券,1日乘车券,1.0,1.0,0.9,False,False
chikuchiku91,へい！ちくてつ１日フリーきっぷ,へい!ちくてつ1日免费乘车通票,0.6,0.85,0.9,True,False
chikutetsu01,ちくてつ24時間フリーきっぷ,ちくてつ24小时免费乘车通票,0.714,1.0,0.9,True,False
fukuoka01,１日乗車券,1日乘车券,1.0,1.0,1.0,False,False
fukuoka15,ファミちかきっぷ,ファミちか车票,0.286,0.762,1.0,True,False
fukuoka16,ファミリーペア券,家庭ペア券,0.6,0.8,1.0,True,False
fukuoka94,小学生100円パス,小学生100円通票,1.0,1.0,1.0,False,False
tikuho02,ちくまるキップ,ちくまる车票,0.333,1.0,0.9,True,False
mojiko,１日フリーきっぷ,1日免费乘车通票,1.0,1.0,0.9,False,False
tikuho93,へいちくフェスタ乗り放題きっぷ,へいちく庆典无限乘坐车票,0.667,1.0,0.9,True,False
amatetu01,甘鉄一日フリー乗車券,甘鉄一日免费乘车券,1.0,1.0,0.9,False,False
matuura01,松浦鉄道１日乗車券,松浦鉄道1日乘车券,1.0,1.0,0.9,False,False
matuura04,西肥バス・させぼバス・松浦鉄道 1 日乗車券,西肥巴士・させぼ巴士・松浦鉄道 1 日乘车券,0.864,1.0,0.9,False,False
matuura03,シルバー会員専用１日乗車券,シルバー会員专用1日乘车券,0.769,0.792,0.9,True,False
matuura81,松浦鉄道コロプラ1日フリーきっぷ,松浦鉄道COLOPL1日免费乘车通票,1.0,1.0,0.9,False,False
matuura82,二陶巡り旅,二陶巡り旅游,0.833,0.857,0.9,True,False
sasebo,佐世保市内・佐々町内共通1日乗車券,佐世保市内・佐々町内通用1日乘车券,1.0,1.0,0.9,False,False
matuura83,こどもわくわく100えんきっぷ,儿童兴奋100えん车票,0.818,1.0,0.9,True,False
nagasaki01,電車一日乗車券,電車一日乘车券,1.0,1.0,0.5,False,False
nagasaki02,24時間乗車券,24小时乘车券,1.0,1.0,0.5,False,False
nagasaki04,長崎電気軌道×乗合タクシー24時間券,长崎電気軌道×乗合タクシー24小时券,0.833,1.0,0.5,True,False
nagasaki92,LUCA路面電車フリーパス,LUCA路面电车免费乘车通票,1.0,1.0,0.5,False,False
nagasaki93,ヴィヴィくんの路面電車フリーパス,ヴィヴィくんの路面电车免费乘车通票,0.588,1.0,0.5,True,False
nagasaki91,夏休みわくわくパス,夏休み兴奋通票,0.857,0.825,0.5,False,False
simabara07,SHIMATETSU FREE PASS,SHIMATETSU FREE PASS,1.0,0.692,0.9,False,False
simabara12,しまてつスきっぷ,しまてつス车票,0.286,0.556,0.9,True,True
simabara91,島原鉄道乗り物コロカ1 日フリーきっぷ,島原鉄道乗り物コロカ1 日免费乘车通票,0.789,1.0,0.9,True,False
kumamoto01,わくわく1dayパス,兴奋1day通票,1.0,1.0,0.5,False,False
kumamoto03,わくわく1dayパス24時間乗車券,兴奋1day通票24小时乘车券,1.0,1.0,0.5,False,False
kumamoto91,キッズパス,儿童通票,1.0,0.773,0.5,False,False
kumamotoshi01,熊本市電1日乗車券,熊本路面电车1日乘车券,1.0,1.0,0.5,False,False
kumamotoshi03,熊本市電1日乗車券,熊本路面电车1日乘车券,1.0,1.0,0.5,False,False
kumamotoshi02,熊本市電24時間乗車券,熊本路面电车24小时乘车券,1.0,1.0,0.5,False,False
kumaden93,1CHANCE FESTIVAL 1日乗車券,1CHANCE FESTIVAL 1日乘车券,1.0,1.0,0.9,False,False
minamiaso01,１日フリーキップ,1日免费车票,1.0,0.75,0.9,False,False
minamiaso03,南阿蘇鉄道24時間フリー乗車券,南阿蘇鉄道24小时免费乘车券,1.0,0.571,0.9,False,True
kumagawa95,人吉球磨どこでもキップ,人吉球磨どこでも车票,0.6,1.0,0.9,True,False
kumagawa11,くま川鉄道一日乗車券(代行バス込み),くま川鉄道一日乘车券(代行巴士込み),0.833,0.75,0.9,True,False
kumagawa84,くま川鉄道一日乗車券(鉄道のみ),くま川鉄道一日乘车券(鉄道のみ),0.75,1.0,0.9,True,False
kumagawa93,夏目友人帳祈念乗車券,夏目友人帳祈念乘车券,1.0,0.545,0.9,False,True
kumagawa94,ワンコイン1day乗車券,一枚硬币价1day乘车券,1.0,1.0,0.9,False,False
orange02,おれんじ1日フリー切符,おれんじ1日免费车票,0.6,1.0,0.9,True,False
orange06,NORTH SATSUMA GREAT PASS,NORTH SATSUMA GREAT PASS,1.0,0.774,0.9,False,False
orange03,おれんじ１８フリーきっぷ,おれんじ18免费乘车通票,0.667,0.738,0.9,True,False
kagosima01,市電・市バス・シティビュー一日乗車券,路面电车・市巴士・城市景观一日乘车券,1.0,0.667,0.5,False,False
kagosima04,市電・市バス・シティビュー24時間乗車券,路面电车・市巴士・城市景观24小时乘车券,1.0,0.667,0.5,False,False
kagosima03,鹿児島市営バス・電車・フェリー共通利用券CUTE,鹿儿岛市営巴士・電車・フェリー通用利用券CUTE,0.875,1.0,0.5,False,False
kagosima05,市電・市バス・シティビューナイトパス,路面电车・市巴士・城市景观ナイト通票,0.833,0.667,0.5,True,False
kagosima81,鹿児島ユナイテッドFCホームゲーム限定市電１日乗車券,鹿儿岛ユナイテッドFCホームゲーム限定路面电车1日乘车券,0.643,0.571,0.5,True,True
kagosima02,夏休みチャレンジパス,夏休みチャレンジ通票,0.4,0.671,0.5,True,False
yuirail01,一日乗車券/二日乗車券,一日乘车券/二日乘车券,1.0,1.0,1.0,False,False
yuirail02,バスモノパス/那覇バス＆ゆいレール１日共通パスポート,巴士モノ通票/那霸巴士&ゆい轨道1日通用旅游游护照通票,0.852,1.0,1.0,False,False
yuirail51,24時間乗り放題乗車券,24小时无限乘坐乘车券,1.0,1.0,1.0,False,False
yuirail52,当日乗り放題乗車券,当日无限乘坐乘车券,1.0,1.0,1.0,False,False
yuirail53,48時間乗り放題乗車券,48時間无限乘坐乘车券,1.0,1.0,1.0,False,False
yuirail54,平日オフピーク乗り放題乗車券,平日オフピーク无限乘坐乘车券,0.714,1.0,1.0,True,False
yuirail55,ゆいレール当日乗り放題乗車券 東京バス(沖縄)1日フリーパスセット券,ゆい轨道当日无限乘坐乘车券 东京巴士(冲绳)1日免费乘车通票套装券,0.939,1.0,1.0,False,False
